layout,layoutCount,algorithm,iteration,cost,expandedNodes,score,result
tiny,0,dfs,0,1,1,509,Win
tiny,0,dfs,1,10,30,500,Win
tiny,0,dfs,2,7,11,503,Win
tiny,0,dfs,3,5,12,505,Win
tiny,0,dfs,4,9,14,501,Win
tiny,0,dfs,5,3,3,507,Win
tiny,0,dfs,6,5,19,505,Win
tiny,0,dfs,7,1,1,509,Win
tiny,0,dfs,8,3,12,507,Win
tiny,0,dfs,9,5,6,505,Win
tiny,0,bfs,0,1,2,509,Win
tiny,0,bfs,1,6,13,504,Win
tiny,0,bfs,2,7,17,503,Win
tiny,0,bfs,3,5,17,505,Win
tiny,0,bfs,4,9,22,501,Win
tiny,0,bfs,5,3,11,507,Win
tiny,0,bfs,6,5,16,505,Win
tiny,0,bfs,7,1,1,509,Win
tiny,0,bfs,8,3,8,507,Win
tiny,0,bfs,9,3,7,507,Win
tiny,0,ucs,0,1,2,509,Win
tiny,0,ucs,1,6,13,504,Win
tiny,0,ucs,2,7,17,503,Win
tiny,0,ucs,3,5,17,505,Win
tiny,0,ucs,4,9,22,501,Win
tiny,0,ucs,5,3,11,507,Win
tiny,0,ucs,6,5,16,505,Win
tiny,0,ucs,7,1,1,509,Win
tiny,0,ucs,8,3,8,507,Win
tiny,0,ucs,9,3,7,507,Win
tiny,0,astar,0,1,1,509,Win
tiny,0,astar,1,6,7,504,Win
tiny,0,astar,2,7,8,503,Win
tiny,0,astar,3,5,6,505,Win
tiny,0,astar,4,9,12,501,Win
tiny,0,astar,5,3,3,507,Win
tiny,0,astar,6,5,6,505,Win
tiny,0,astar,7,1,1,509,Win
tiny,0,astar,8,3,4,507,Win
tiny,0,astar,9,3,4,507,Win
tiny,0,bds,0,1,1,509,Win
tiny,0,bds,1,6,7,504,Win
tiny,0,bds,2,7,18,503,Win
tiny,0,bds,3,5,12,505,Win
tiny,0,bds,4,9,28,501,Win
tiny,0,bds,5,3,7,507,Win
tiny,0,bds,6,5,9,505,Win
tiny,0,bds,7,1,1,509,Win
tiny,0,bds,8,3,5,507,Win
tiny,0,bds,9,3,3,507,Win
tiny,0,hbds,0,1,1,509,Win
tiny,0,hbds,1,6,7,504,Win
tiny,0,hbds,2,7,10,503,Win
tiny,0,hbds,3,5,6,505,Win
tiny,0,hbds,4,9,18,501,Win
tiny,0,hbds,5,3,4,507,Win
tiny,0,hbds,6,5,6,505,Win
tiny,0,hbds,7,1,1,509,Win
tiny,0,hbds,8,3,3,507,Win
tiny,0,hbds,9,3,3,507,Win
tiny,1,dfs,0,10,28,500,Win
tiny,1,dfs,1,10,10,500,Win
tiny,1,dfs,2,10,15,500,Win
tiny,1,dfs,3,3,3,507,Win
tiny,1,dfs,4,9,13,501,Win
tiny,1,dfs,5,20,23,490,Win
tiny,1,dfs,6,6,32,504,Win
tiny,1,dfs,7,4,22,506,Win
tiny,1,dfs,8,6,32,504,Win
tiny,1,dfs,9,5,5,505,Win
tiny,1,bfs,0,8,19,502,Win
tiny,1,bfs,1,4,10,506,Win
tiny,1,bfs,2,6,17,504,Win
tiny,1,bfs,3,1,1,509,Win
tiny,1,bfs,4,9,26,501,Win
tiny,1,bfs,5,14,24,496,Win
tiny,1,bfs,6,6,14,504,Win
tiny,1,bfs,7,4,7,506,Win
tiny,1,bfs,8,6,14,504,Win
tiny,1,bfs,9,1,1,509,Win
tiny,1,ucs,0,8,19,502,Win
tiny,1,ucs,1,4,10,506,Win
tiny,1,ucs,2,6,17,504,Win
tiny,1,ucs,3,1,1,509,Win
tiny,1,ucs,4,9,26,501,Win
tiny,1,ucs,5,14,24,496,Win
tiny,1,ucs,6,6,14,504,Win
tiny,1,ucs,7,4,7,506,Win
tiny,1,ucs,8,6,14,504,Win
tiny,1,ucs,9,1,1,509,Win
tiny,1,astar,0,8,9,502,Win
tiny,1,astar,1,4,5,506,Win
tiny,1,astar,2,6,6,504,Win
tiny,1,astar,3,1,1,509,Win
tiny,1,astar,4,9,12,501,Win
tiny,1,astar,5,14,18,496,Win
tiny,1,astar,6,6,6,504,Win
tiny,1,astar,7,4,4,506,Win
tiny,1,astar,8,6,6,504,Win
tiny,1,astar,9,1,1,509,Win
tiny,1,bds,0,8,14,502,Win
tiny,1,bds,1,4,7,506,Win
tiny,1,bds,2,6,17,504,Win
tiny,1,bds,3,1,1,509,Win
tiny,1,bds,4,9,16,501,Win
tiny,1,bds,5,14,25,496,Win
tiny,1,bds,6,6,8,504,Win
tiny,1,bds,7,4,4,506,Win
tiny,1,bds,8,6,8,504,Win
tiny,1,bds,9,1,1,509,Win
tiny,1,hbds,0,8,8,502,Win
tiny,1,hbds,1,4,5,506,Win
tiny,1,hbds,2,6,7,504,Win
tiny,1,hbds,3,1,1,509,Win
tiny,1,hbds,4,9,11,501,Win
tiny,1,hbds,5,14,31,496,Win
tiny,1,hbds,6,6,7,504,Win
tiny,1,hbds,7,4,4,506,Win
tiny,1,hbds,8,6,7,504,Win
tiny,1,hbds,9,1,1,509,Win
tiny,2,dfs,0,8,12,502,Win
tiny,2,dfs,1,15,23,495,Win
tiny,2,dfs,2,5,20,505,Win
tiny,2,dfs,3,5,26,505,Win
tiny,2,dfs,4,18,28,492,Win
tiny,2,dfs,5,5,6,505,Win
tiny,2,dfs,6,6,7,504,Win
tiny,2,dfs,7,9,14,501,Win
tiny,2,dfs,8,10,26,500,Win
tiny,2,dfs,9,4,7,506,Win
tiny,2,bfs,0,6,22,504,Win
tiny,2,bfs,1,13,23,497,Win
tiny,2,bfs,2,5,13,505,Win
tiny,2,bfs,3,3,4,507,Win
tiny,2,bfs,4,16,28,494,Win
tiny,2,bfs,5,5,11,505,Win
tiny,2,bfs,6,6,7,504,Win
tiny,2,bfs,7,9,21,501,Win
tiny,2,bfs,8,10,25,500,Win
tiny,2,bfs,9,4,7,506,Win
tiny,2,ucs,0,6,22,504,Win
tiny,2,ucs,1,13,23,497,Win
tiny,2,ucs,2,5,13,505,Win
tiny,2,ucs,3,3,4,507,Win
tiny,2,ucs,4,16,28,494,Win
tiny,2,ucs,5,5,11,505,Win
tiny,2,ucs,6,6,7,504,Win
tiny,2,ucs,7,9,21,501,Win
tiny,2,ucs,8,10,25,500,Win
tiny,2,ucs,9,4,7,506,Win
tiny,2,astar,0,6,11,504,Win
tiny,2,astar,1,13,17,497,Win
tiny,2,astar,2,5,7,505,Win
tiny,2,astar,3,3,4,507,Win
tiny,2,astar,4,16,28,494,Win
tiny,2,astar,5,5,6,505,Win
tiny,2,astar,6,6,6,504,Win
tiny,2,astar,7,9,16,501,Win
tiny,2,astar,8,10,12,500,Win
tiny,2,astar,9,4,4,506,Win
tiny,2,bds,0,6,11,504,Win
tiny,2,bds,1,13,23,497,Win
tiny,2,bds,2,5,9,505,Win
tiny,2,bds,3,3,3,507,Win
tiny,2,bds,4,16,24,494,Win
tiny,2,bds,5,5,11,505,Win
tiny,2,bds,6,6,8,504,Win
tiny,2,bds,7,9,17,501,Win
tiny,2,bds,8,10,18,500,Win
tiny,2,bds,9,4,6,506,Win
tiny,2,hbds,0,6,9,504,Win
tiny,2,hbds,1,13,19,497,Win
tiny,2,hbds,2,5,7,505,Win
tiny,2,hbds,3,3,6,507,Win
tiny,2,hbds,4,16,22,494,Win
tiny,2,hbds,5,5,11,505,Win
tiny,2,hbds,6,6,6,504,Win
tiny,2,hbds,7,9,15,501,Win
tiny,2,hbds,8,10,12,500,Win
tiny,2,hbds,9,4,4,506,Win
tiny,3,dfs,0,2,2,508,Win
tiny,3,dfs,1,12,26,498,Win
tiny,3,dfs,2,8,14,502,Win
tiny,3,dfs,3,10,10,500,Win
tiny,3,dfs,4,16,16,494,Win
tiny,3,dfs,5,7,7,503,Win
tiny,3,dfs,6,3,3,507,Win
tiny,3,dfs,7,5,27,505,Win
tiny,3,dfs,8,13,15,497,Win
tiny,3,dfs,9,6,27,504,Win
tiny,3,bfs,0,2,6,508,Win
tiny,3,bfs,1,12,21,498,Win
tiny,3,bfs,2,8,15,502,Win
tiny,3,bfs,3,10,20,500,Win
tiny,3,bfs,4,16,29,494,Win
tiny,3,bfs,5,7,16,503,Win
tiny,3,bfs,6,3,6,507,Win
tiny,3,bfs,7,5,15,505,Win
tiny,3,bfs,8,13,24,497,Win
tiny,3,bfs,9,6,14,504,Win
tiny,3,ucs,0,2,6,508,Win
tiny,3,ucs,1,12,21,498,Win
tiny,3,ucs,2,8,15,502,Win
tiny,3,ucs,3,10,20,500,Win
tiny,3,ucs,4,16,29,494,Win
tiny,3,ucs,5,7,16,503,Win
tiny,3,ucs,6,3,6,507,Win
tiny,3,ucs,7,5,15,505,Win
tiny,3,ucs,8,13,24,497,Win
tiny,3,ucs,9,6,14,504,Win
tiny,3,astar,0,2,2,508,Win
tiny,3,astar,1,12,20,498,Win
tiny,3,astar,2,8,10,502,Win
tiny,3,astar,3,10,11,500,Win
tiny,3,astar,4,16,28,494,Win
tiny,3,astar,5,7,10,503,Win
tiny,3,astar,6,3,4,507,Win
tiny,3,astar,7,5,7,505,Win
tiny,3,astar,8,13,21,497,Win
tiny,3,astar,9,6,9,504,Win
tiny,3,bds,0,2,4,508,Win
tiny,3,bds,1,12,27,498,Win
tiny,3,bds,2,8,13,502,Win
tiny,3,bds,3,10,23,500,Win
tiny,3,bds,4,16,26,494,Win
tiny,3,bds,5,7,18,503,Win
tiny,3,bds,6,3,4,507,Win
tiny,3,bds,7,5,9,505,Win
tiny,3,bds,8,13,28,497,Win
tiny,3,bds,9,6,9,504,Win
tiny,3,hbds,0,2,2,508,Win
tiny,3,hbds,1,12,17,498,Win
tiny,3,hbds,2,8,13,502,Win
tiny,3,hbds,3,10,13,500,Win
tiny,3,hbds,4,16,27,494,Win
tiny,3,hbds,5,7,11,503,Win
tiny,3,hbds,6,3,6,507,Win
tiny,3,hbds,7,5,9,505,Win
tiny,3,hbds,8,13,17,497,Win
tiny,3,hbds,9,6,9,504,Win
tiny,4,dfs,0,6,18,504,Win
tiny,4,dfs,1,9,13,501,Win
tiny,4,dfs,2,9,28,501,Win
tiny,4,dfs,3,14,20,496,Win
tiny,4,dfs,4,6,18,504,Win
tiny,4,dfs,5,4,19,506,Win
tiny,4,dfs,6,4,4,506,Win
tiny,4,dfs,7,7,28,503,Win
tiny,4,dfs,8,11,11,499,Win
tiny,4,dfs,9,5,15,505,Win
tiny,4,bfs,0,2,9,508,Win
tiny,4,bfs,1,7,16,503,Win
tiny,4,bfs,2,5,7,505,Win
tiny,4,bfs,3,12,22,498,Win
tiny,4,bfs,4,2,9,508,Win
tiny,4,bfs,5,4,11,506,Win
tiny,4,bfs,6,4,16,506,Win
tiny,4,bfs,7,7,25,503,Win
tiny,4,bfs,8,11,25,499,Win
tiny,4,bfs,9,5,16,505,Win
tiny,4,ucs,0,2,9,508,Win
tiny,4,ucs,1,7,16,503,Win
tiny,4,ucs,2,5,7,505,Win
tiny,4,ucs,3,12,22,498,Win
tiny,4,ucs,4,2,9,508,Win
tiny,4,ucs,5,4,11,506,Win
tiny,4,ucs,6,4,16,506,Win
tiny,4,ucs,7,7,25,503,Win
tiny,4,ucs,8,11,25,499,Win
tiny,4,ucs,9,5,16,505,Win
tiny,4,astar,0,2,2,508,Win
tiny,4,astar,1,7,11,503,Win
tiny,4,astar,2,5,5,505,Win
tiny,4,astar,3,12,17,498,Win
tiny,4,astar,4,2,2,508,Win
tiny,4,astar,5,4,6,506,Win
tiny,4,astar,6,4,5,506,Win
tiny,4,astar,7,7,9,503,Win
tiny,4,astar,8,11,15,499,Win
tiny,4,astar,9,5,7,505,Win
tiny,4,bds,0,2,5,508,Win
tiny,4,bds,1,7,14,503,Win
tiny,4,bds,2,5,6,505,Win
tiny,4,bds,3,12,22,498,Win
tiny,4,bds,4,2,5,508,Win
tiny,4,bds,5,4,8,506,Win
tiny,4,bds,6,4,7,506,Win
tiny,4,bds,7,7,13,503,Win
tiny,4,bds,8,11,24,499,Win
tiny,4,bds,9,5,11,505,Win
tiny,4,hbds,0,2,2,508,Win
tiny,4,hbds,1,7,9,503,Win
tiny,4,hbds,2,5,6,505,Win
tiny,4,hbds,3,12,15,498,Win
tiny,4,hbds,4,2,2,508,Win
tiny,4,hbds,5,4,12,506,Win
tiny,4,hbds,6,4,4,506,Win
tiny,4,hbds,7,7,9,503,Win
tiny,4,hbds,8,11,18,499,Win
tiny,4,hbds,9,5,8,505,Win
tiny,5,dfs,0,7,26,503,Win
tiny,5,dfs,1,2,2,508,Win
tiny,5,dfs,2,13,18,497,Win
tiny,5,dfs,3,6,19,504,Win
tiny,5,dfs,4,9,23,501,Win
tiny,5,dfs,5,11,26,499,Win
tiny,5,dfs,6,3,3,507,Win
tiny,5,dfs,7,10,25,500,Win
tiny,5,dfs,8,10,10,500,Win
tiny,5,dfs,9,14,28,496,Win
tiny,5,bfs,0,5,16,505,Win
tiny,5,bfs,1,2,2,508,Win
tiny,5,bfs,2,9,21,501,Win
tiny,5,bfs,3,4,13,506,Win
tiny,5,bfs,4,5,11,505,Win
tiny,5,bfs,5,9,17,501,Win
tiny,5,bfs,6,3,7,507,Win
tiny,5,bfs,7,8,19,502,Win
tiny,5,bfs,8,10,25,500,Win
tiny,5,bfs,9,10,28,500,Win
tiny,5,ucs,0,5,16,505,Win
tiny,5,ucs,1,2,2,508,Win
tiny,5,ucs,2,9,21,501,Win
tiny,5,ucs,3,4,13,506,Win
tiny,5,ucs,4,5,11,505,Win
tiny,5,ucs,5,9,17,501,Win
tiny,5,ucs,6,3,7,507,Win
tiny,5,ucs,7,8,19,502,Win
tiny,5,ucs,8,10,25,500,Win
tiny,5,ucs,9,10,28,500,Win
tiny,5,astar,0,5,6,505,Win
tiny,5,astar,1,2,2,508,Win
tiny,5,astar,2,9,14,501,Win
tiny,5,astar,3,4,7,506,Win
tiny,5,astar,4,5,6,505,Win
tiny,5,astar,5,9,11,501,Win
tiny,5,astar,6,3,3,507,Win
tiny,5,astar,7,8,12,502,Win
tiny,5,astar,8,10,14,500,Win
tiny,5,astar,9,10,17,500,Win
tiny,5,bds,0,5,10,505,Win
tiny,5,bds,1,2,2,508,Win
tiny,5,bds,2,9,18,501,Win
tiny,5,bds,3,4,8,506,Win
tiny,5,bds,4,5,8,505,Win
tiny,5,bds,5,9,13,501,Win
tiny,5,bds,6,3,5,507,Win
tiny,5,bds,7,8,13,502,Win
tiny,5,bds,8,10,15,500,Win
tiny,5,bds,9,10,15,500,Win
tiny,5,hbds,0,5,6,505,Win
tiny,5,hbds,1,2,2,508,Win
tiny,5,hbds,2,9,15,501,Win
tiny,5,hbds,3,4,5,506,Win
tiny,5,hbds,4,5,10,505,Win
tiny,5,hbds,5,9,14,501,Win
tiny,5,hbds,6,3,4,507,Win
tiny,5,hbds,7,8,11,502,Win
tiny,5,hbds,8,10,11,500,Win
tiny,5,hbds,9,10,11,500,Win
tiny,6,dfs,0,20,22,490,Win
tiny,6,dfs,1,14,14,496,Win
tiny,6,dfs,2,14,28,496,Win
tiny,6,dfs,3,17,19,493,Win
tiny,6,dfs,4,10,11,500,Win
tiny,6,dfs,5,11,12,499,Win
tiny,6,dfs,6,4,4,506,Win
tiny,6,dfs,7,6,6,504,Win
tiny,6,dfs,8,3,18,507,Win
tiny,6,dfs,9,5,5,505,Win
tiny,6,bfs,0,8,13,502,Win
tiny,6,bfs,1,4,5,506,Win
tiny,6,bfs,2,6,11,504,Win
tiny,6,bfs,3,7,18,503,Win
tiny,6,bfs,4,10,29,500,Win
tiny,6,bfs,5,11,25,499,Win
tiny,6,bfs,6,4,15,506,Win
tiny,6,bfs,7,6,20,504,Win
tiny,6,bfs,8,3,9,507,Win
tiny,6,bfs,9,5,18,505,Win
tiny,6,ucs,0,8,13,502,Win
tiny,6,ucs,1,4,5,506,Win
tiny,6,ucs,2,6,11,504,Win
tiny,6,ucs,3,7,18,503,Win
tiny,6,ucs,4,10,29,500,Win
tiny,6,ucs,5,11,25,499,Win
tiny,6,ucs,6,4,15,506,Win
tiny,6,ucs,7,6,20,504,Win
tiny,6,ucs,8,3,9,507,Win
tiny,6,ucs,9,5,18,505,Win
tiny,6,astar,0,8,10,502,Win
tiny,6,astar,1,4,4,506,Win
tiny,6,astar,2,6,7,504,Win
tiny,6,astar,3,7,10,503,Win
tiny,6,astar,4,10,17,500,Win
tiny,6,astar,5,11,13,499,Win
tiny,6,astar,6,4,4,506,Win
tiny,6,astar,7,6,8,504,Win
tiny,6,astar,8,3,3,507,Win
tiny,6,astar,9,5,5,505,Win
tiny,6,bds,0,8,18,502,Win
tiny,6,bds,1,4,4,506,Win
tiny,6,bds,2,6,6,504,Win
tiny,6,bds,3,7,15,503,Win
tiny,6,bds,4,10,21,500,Win
tiny,6,bds,5,11,24,499,Win
tiny,6,bds,6,4,7,506,Win
tiny,6,bds,7,6,12,504,Win
tiny,6,bds,8,3,4,507,Win
tiny,6,bds,9,5,12,505,Win
tiny,6,hbds,0,8,14,502,Win
tiny,6,hbds,1,4,6,506,Win
tiny,6,hbds,2,6,6,504,Win
tiny,6,hbds,3,7,11,503,Win
tiny,6,hbds,4,10,13,500,Win
tiny,6,hbds,5,11,14,499,Win
tiny,6,hbds,6,4,4,506,Win
tiny,6,hbds,7,6,10,504,Win
tiny,6,hbds,8,3,3,507,Win
tiny,6,hbds,9,5,8,505,Win
tiny,7,dfs,0,2,17,508,Win
tiny,7,dfs,1,1,1,509,Win
tiny,7,dfs,2,11,24,499,Win
tiny,7,dfs,3,4,4,506,Win
tiny,7,dfs,4,4,4,506,Win
tiny,7,dfs,5,12,24,498,Win
tiny,7,dfs,6,3,28,507,Win
tiny,7,dfs,7,2,28,508,Win
tiny,7,dfs,8,7,7,503,Win
tiny,7,dfs,9,6,13,504,Win
tiny,7,bfs,0,2,3,508,Win
tiny,7,bfs,1,1,3,509,Win
tiny,7,bfs,2,9,21,501,Win
tiny,7,bfs,3,4,10,506,Win
tiny,7,bfs,4,4,12,506,Win
tiny,7,bfs,5,10,21,500,Win
tiny,7,bfs,6,3,5,507,Win
tiny,7,bfs,7,2,3,508,Win
tiny,7,bfs,8,5,14,505,Win
tiny,7,bfs,9,4,12,506,Win
tiny,7,ucs,0,2,3,508,Win
tiny,7,ucs,1,1,3,509,Win
tiny,7,ucs,2,9,21,501,Win
tiny,7,ucs,3,4,10,506,Win
tiny,7,ucs,4,4,12,506,Win
tiny,7,ucs,5,10,21,500,Win
tiny,7,ucs,6,3,5,507,Win
tiny,7,ucs,7,2,3,508,Win
tiny,7,ucs,8,5,14,505,Win
tiny,7,ucs,9,4,12,506,Win
tiny,7,astar,0,2,2,508,Win
tiny,7,astar,1,1,1,509,Win
tiny,7,astar,2,9,13,501,Win
tiny,7,astar,3,4,5,506,Win
tiny,7,astar,4,4,4,506,Win
tiny,7,astar,5,10,13,500,Win
tiny,7,astar,6,3,3,507,Win
tiny,7,astar,7,2,2,508,Win
tiny,7,astar,8,5,8,505,Win
tiny,7,astar,9,4,5,506,Win
tiny,7,bds,0,2,2,508,Win
tiny,7,bds,1,1,1,509,Win
tiny,7,bds,2,9,20,501,Win
tiny,7,bds,3,4,6,506,Win
tiny,7,bds,4,4,8,506,Win
tiny,7,bds,5,10,20,500,Win
tiny,7,bds,6,3,3,507,Win
tiny,7,bds,7,2,2,508,Win
tiny,7,bds,8,5,10,505,Win
tiny,7,bds,9,4,7,506,Win
tiny,7,hbds,0,2,2,508,Win
tiny,7,hbds,1,1,1,509,Win
tiny,7,hbds,2,9,13,501,Win
tiny,7,hbds,3,4,5,506,Win
tiny,7,hbds,4,4,4,506,Win
tiny,7,hbds,5,10,19,500,Win
tiny,7,hbds,6,3,4,507,Win
tiny,7,hbds,7,2,2,508,Win
tiny,7,hbds,8,5,7,505,Win
tiny,7,hbds,9,4,6,506,Win
tiny,8,dfs,0,8,8,502,Win
tiny,8,dfs,1,5,6,505,Win
tiny,8,dfs,2,3,3,507,Win
tiny,8,dfs,3,14,16,496,Win
tiny,8,dfs,4,5,28,505,Win
tiny,8,dfs,5,14,17,496,Win
tiny,8,dfs,6,6,9,504,Win
tiny,8,dfs,7,3,3,507,Win
tiny,8,dfs,8,3,28,507,Win
tiny,8,dfs,9,11,14,499,Win
tiny,8,bfs,0,6,10,504,Win
tiny,8,bfs,1,5,14,505,Win
tiny,8,bfs,2,3,7,507,Win
tiny,8,bfs,3,12,19,498,Win
tiny,8,bfs,4,5,15,505,Win
tiny,8,bfs,5,14,28,496,Win
tiny,8,bfs,6,6,22,504,Win
tiny,8,bfs,7,3,7,507,Win
tiny,8,bfs,8,3,5,507,Win
tiny,8,bfs,9,11,26,499,Win
tiny,8,ucs,0,6,10,504,Win
tiny,8,ucs,1,5,14,505,Win
tiny,8,ucs,2,3,7,507,Win
tiny,8,ucs,3,12,19,498,Win
tiny,8,ucs,4,5,15,505,Win
tiny,8,ucs,5,14,28,496,Win
tiny,8,ucs,6,6,22,504,Win
tiny,8,ucs,7,3,7,507,Win
tiny,8,ucs,8,3,5,507,Win
tiny,8,ucs,9,11,26,499,Win
tiny,8,astar,0,6,6,504,Win
tiny,8,astar,1,5,6,505,Win
tiny,8,astar,2,3,3,507,Win
tiny,8,astar,3,12,15,498,Win
tiny,8,astar,4,5,6,505,Win
tiny,8,astar,5,14,19,496,Win
tiny,8,astar,6,6,7,504,Win
tiny,8,astar,7,3,3,507,Win
tiny,8,astar,8,3,5,507,Win
tiny,8,astar,9,11,14,499,Win
tiny,8,bds,0,6,7,504,Win
tiny,8,bds,1,5,9,505,Win
tiny,8,bds,2,3,5,507,Win
tiny,8,bds,3,12,20,498,Win
tiny,8,bds,4,5,11,505,Win
tiny,8,bds,5,14,21,496,Win
tiny,8,bds,6,6,16,504,Win
tiny,8,bds,7,3,5,507,Win
tiny,8,bds,8,3,4,507,Win
tiny,8,bds,9,11,19,499,Win
tiny,8,hbds,0,6,6,504,Win
tiny,8,hbds,1,5,7,505,Win
tiny,8,hbds,2,3,4,507,Win
tiny,8,hbds,3,12,20,498,Win
tiny,8,hbds,4,5,7,505,Win
tiny,8,hbds,5,14,18,496,Win
tiny,8,hbds,6,6,7,504,Win
tiny,8,hbds,7,3,4,507,Win
tiny,8,hbds,8,3,4,507,Win
tiny,8,hbds,9,11,17,499,Win
tiny,9,dfs,0,10,21,500,Win
tiny,9,dfs,1,5,11,505,Win
tiny,9,dfs,2,4,23,506,Win
tiny,9,dfs,3,9,15,501,Win
tiny,9,dfs,4,8,11,502,Win
tiny,9,dfs,5,6,7,504,Win
tiny,9,dfs,6,7,24,503,Win
tiny,9,dfs,7,10,10,500,Win
tiny,9,dfs,8,1,5,509,Win
tiny,9,dfs,9,10,13,500,Win
tiny,9,bfs,0,10,16,500,Win
tiny,9,bfs,1,5,18,505,Win
tiny,9,bfs,2,4,13,506,Win
tiny,9,bfs,3,9,25,501,Win
tiny,9,bfs,4,6,14,504,Win
tiny,9,bfs,5,6,9,504,Win
tiny,9,bfs,6,7,14,503,Win
tiny,9,bfs,7,10,27,500,Win
tiny,9,bfs,8,1,1,509,Win
tiny,9,bfs,9,10,26,500,Win
tiny,9,ucs,0,10,16,500,Win
tiny,9,ucs,1,5,18,505,Win
tiny,9,ucs,2,4,13,506,Win
tiny,9,ucs,3,9,25,501,Win
tiny,9,ucs,4,6,14,504,Win
tiny,9,ucs,5,6,9,504,Win
tiny,9,ucs,6,7,14,503,Win
tiny,9,ucs,7,10,27,500,Win
tiny,9,ucs,8,1,1,509,Win
tiny,9,ucs,9,10,26,500,Win
tiny,9,astar,0,10,14,500,Win
tiny,9,astar,1,5,9,505,Win
tiny,9,astar,2,4,4,506,Win
tiny,9,astar,3,9,16,501,Win
tiny,9,astar,4,6,10,504,Win
tiny,9,astar,5,6,7,504,Win
tiny,9,astar,6,7,9,503,Win
tiny,9,astar,7,10,11,500,Win
tiny,9,astar,8,1,1,509,Win
tiny,9,astar,9,10,14,500,Win
tiny,9,bds,0,10,18,500,Win
tiny,9,bds,1,5,9,505,Win
tiny,9,bds,2,4,9,506,Win
tiny,9,bds,3,9,18,501,Win
tiny,9,bds,4,6,16,504,Win
tiny,9,bds,5,6,11,504,Win
tiny,9,bds,6,7,17,503,Win
tiny,9,bds,7,10,18,500,Win
tiny,9,bds,8,1,1,509,Win
tiny,9,bds,9,10,19,500,Win
tiny,9,hbds,0,10,18,500,Win
tiny,9,hbds,1,5,10,505,Win
tiny,9,hbds,2,4,4,506,Win
tiny,9,hbds,3,9,11,501,Win
tiny,9,hbds,4,6,14,504,Win
tiny,9,hbds,5,6,7,504,Win
tiny,9,hbds,6,7,9,503,Win
tiny,9,hbds,7,10,11,500,Win
tiny,9,hbds,8,1,1,509,Win
tiny,9,hbds,9,10,12,500,Win
small,0,dfs,0,9,27,501,Win
small,0,dfs,1,7,109,503,Win
small,0,dfs,2,39,72,471,Win
small,0,dfs,3,43,52,467,Win
small,0,dfs,4,20,38,490,Win
small,0,dfs,5,34,51,476,Win
small,0,dfs,6,16,106,494,Win
small,0,dfs,7,9,36,501,Win
small,0,dfs,8,24,43,486,Win
small,0,dfs,9,9,9,501,Win
small,0,bfs,0,7,37,503,Win
small,0,bfs,1,7,16,503,Win
small,0,bfs,2,27,83,483,Win
small,0,bfs,3,27,58,483,Win
small,0,bfs,4,12,56,498,Win
small,0,bfs,5,22,91,488,Win
small,0,bfs,6,10,27,500,Win
small,0,bfs,7,9,29,501,Win
small,0,bfs,8,20,68,490,Win
small,0,bfs,9,9,24,501,Win
small,0,ucs,0,7,37,503,Win
small,0,ucs,1,7,16,503,Win
small,0,ucs,2,27,83,483,Win
small,0,ucs,3,27,58,483,Win
small,0,ucs,4,12,56,498,Win
small,0,ucs,5,22,91,488,Win
small,0,ucs,6,10,27,500,Win
small,0,ucs,7,9,29,501,Win
small,0,ucs,8,20,68,490,Win
small,0,ucs,9,9,24,501,Win
small,0,astar,0,7,8,503,Win
small,0,astar,1,7,7,503,Win
small,0,astar,2,27,57,483,Win
small,0,astar,3,27,39,483,Win
small,0,astar,4,12,25,498,Win
small,0,astar,5,22,63,488,Win
small,0,astar,6,10,20,500,Win
small,0,astar,7,9,13,501,Win
small,0,astar,8,20,40,490,Win
small,0,astar,9,9,12,501,Win
small,0,bds,0,7,20,503,Win
small,0,bds,1,7,11,503,Win
small,0,bds,2,27,66,483,Win
small,0,bds,3,27,54,483,Win
small,0,bds,4,12,41,498,Win
small,0,bds,5,22,60,488,Win
small,0,bds,6,10,20,500,Win
small,0,bds,7,9,25,501,Win
small,0,bds,8,20,66,490,Win
small,0,bds,9,9,18,501,Win
small,0,hbds,0,7,12,503,Win
small,0,hbds,1,7,8,503,Win
small,0,hbds,2,27,56,483,Win
small,0,hbds,3,27,102,483,Win
small,0,hbds,4,12,35,498,Win
small,0,hbds,5,22,60,488,Win
small,0,hbds,6,10,11,500,Win
small,0,hbds,7,9,15,501,Win
small,0,hbds,8,20,24,490,Win
small,0,hbds,9,9,19,501,Win
small,1,dfs,0,20,45,490,Win
small,1,dfs,1,30,38,480,Win
small,1,dfs,2,22,86,488,Win
small,1,dfs,3,18,27,492,Win
small,1,dfs,4,9,9,501,Win
small,1,dfs,5,23,56,487,Win
small,1,dfs,6,15,34,495,Win
small,1,dfs,7,16,27,494,Win
small,1,dfs,8,10,30,500,Win
small,1,dfs,9,22,60,488,Win
small,1,bfs,0,20,89,490,Win
small,1,bfs,1,24,83,486,Win
small,1,bfs,2,10,27,500,Win
small,1,bfs,3,16,47,494,Win
small,1,bfs,4,9,35,501,Win
small,1,bfs,5,19,88,491,Win
small,1,bfs,6,7,27,503,Win
small,1,bfs,7,12,70,498,Win
small,1,bfs,8,8,44,502,Win
small,1,bfs,9,6,36,504,Win
small,1,ucs,0,20,89,490,Win
small,1,ucs,1,24,83,486,Win
small,1,ucs,2,10,27,500,Win
small,1,ucs,3,16,47,494,Win
small,1,ucs,4,9,35,501,Win
small,1,ucs,5,19,88,491,Win
small,1,ucs,6,7,27,503,Win
small,1,ucs,7,12,70,498,Win
small,1,ucs,8,8,44,502,Win
small,1,ucs,9,6,36,504,Win
small,1,astar,0,20,58,490,Win
small,1,astar,1,24,47,486,Win
small,1,astar,2,10,11,500,Win
small,1,astar,3,16,29,494,Win
small,1,astar,4,9,13,501,Win
small,1,astar,5,19,52,491,Win
small,1,astar,6,7,9,503,Win
small,1,astar,7,12,29,498,Win
small,1,astar,8,8,10,502,Win
small,1,astar,9,6,10,504,Win
small,1,bds,0,20,67,490,Win
small,1,bds,1,24,65,486,Win
small,1,bds,2,10,21,500,Win
small,1,bds,3,16,52,494,Win
small,1,bds,4,9,28,501,Win
small,1,bds,5,19,67,491,Win
small,1,bds,6,7,19,503,Win
small,1,bds,7,12,38,498,Win
small,1,bds,8,8,30,502,Win
small,1,bds,9,6,15,504,Win
small,1,hbds,0,20,37,490,Win
small,1,hbds,1,26,113,484,Win
small,1,hbds,2,10,17,500,Win
small,1,hbds,3,16,79,494,Win
small,1,hbds,4,9,27,501,Win
small,1,hbds,5,19,39,491,Win
small,1,hbds,6,7,7,503,Win
small,1,hbds,7,12,21,498,Win
small,1,hbds,8,8,16,502,Win
small,1,hbds,9,6,10,504,Win
small,2,dfs,0,36,92,474,Win
small,2,dfs,1,20,56,490,Win
small,2,dfs,2,34,67,476,Win
small,2,dfs,3,36,64,474,Win
small,2,dfs,4,25,76,485,Win
small,2,dfs,5,35,70,475,Win
small,2,dfs,6,12,12,498,Win
small,2,dfs,7,34,73,476,Win
small,2,dfs,8,34,66,476,Win
small,2,dfs,9,19,20,491,Win
small,2,bfs,0,6,15,504,Win
small,2,bfs,1,10,69,500,Win
small,2,bfs,2,6,38,504,Win
small,2,bfs,3,10,70,500,Win
small,2,bfs,4,11,62,499,Win
small,2,bfs,5,11,48,499,Win
small,2,bfs,6,12,50,498,Win
small,2,bfs,7,8,42,502,Win
small,2,bfs,8,4,14,506,Win
small,2,bfs,9,7,18,503,Win
small,2,ucs,0,6,15,504,Win
small,2,ucs,1,10,69,500,Win
small,2,ucs,2,6,38,504,Win
small,2,ucs,3,10,70,500,Win
small,2,ucs,4,11,62,499,Win
small,2,ucs,5,11,48,499,Win
small,2,ucs,6,12,50,498,Win
small,2,ucs,7,8,42,502,Win
small,2,ucs,8,4,14,506,Win
small,2,ucs,9,7,18,503,Win
small,2,astar,0,6,11,504,Win
small,2,astar,1,10,17,500,Win
small,2,astar,2,6,10,504,Win
small,2,astar,3,10,16,500,Win
small,2,astar,4,11,19,499,Win
small,2,astar,5,11,20,499,Win
small,2,astar,6,12,18,498,Win
small,2,astar,7,8,8,502,Win
small,2,astar,8,4,6,506,Win
small,2,astar,9,7,11,503,Win
small,2,bds,0,6,14,504,Win
small,2,bds,1,10,32,500,Win
small,2,bds,2,6,22,504,Win
small,2,bds,3,10,32,500,Win
small,2,bds,4,11,38,499,Win
small,2,bds,5,11,33,499,Win
small,2,bds,6,12,41,498,Win
small,2,bds,7,8,27,502,Win
small,2,bds,8,4,8,506,Win
small,2,bds,9,7,12,503,Win
small,2,hbds,0,6,9,504,Win
small,2,hbds,1,10,15,500,Win
small,2,hbds,2,6,7,504,Win
small,2,hbds,3,10,18,500,Win
small,2,hbds,4,11,31,499,Win
small,2,hbds,5,13,31,497,Win
small,2,hbds,6,16,29,494,Win
small,2,hbds,7,10,10,500,Win
small,2,hbds,8,4,5,506,Win
small,2,hbds,9,7,18,503,Win
small,3,dfs,0,50,79,460,Win
small,3,dfs,1,37,47,473,Win
small,3,dfs,2,24,32,486,Win
small,3,dfs,3,13,13,497,Win
small,3,dfs,4,9,11,501,Win
small,3,dfs,5,14,85,496,Win
small,3,dfs,6,49,67,461,Win
small,3,dfs,7,20,91,490,Win
small,3,dfs,8,43,54,467,Win
small,3,dfs,9,23,42,487,Win
small,3,bfs,0,26,83,484,Win
small,3,bfs,1,21,65,489,Win
small,3,bfs,2,16,63,494,Win
small,3,bfs,3,13,63,497,Win
small,3,bfs,4,5,20,505,Win
small,3,bfs,5,12,60,498,Win
small,3,bfs,6,21,57,489,Win
small,3,bfs,7,8,24,502,Win
small,3,bfs,8,27,92,483,Win
small,3,bfs,9,17,71,493,Win
small,3,ucs,0,26,83,484,Win
small,3,ucs,1,21,65,489,Win
small,3,ucs,2,16,63,494,Win
small,3,ucs,3,13,63,497,Win
small,3,ucs,4,5,20,505,Win
small,3,ucs,5,12,60,498,Win
small,3,ucs,6,21,57,489,Win
small,3,ucs,7,8,24,502,Win
small,3,ucs,8,27,92,483,Win
small,3,ucs,9,17,71,493,Win
small,3,astar,0,26,61,484,Win
small,3,astar,1,21,31,489,Win
small,3,astar,2,16,26,494,Win
small,3,astar,3,13,18,497,Win
small,3,astar,4,5,10,505,Win
small,3,astar,5,12,27,498,Win
small,3,astar,6,21,47,489,Win
small,3,astar,7,8,11,502,Win
small,3,astar,8,27,71,483,Win
small,3,astar,9,17,46,493,Win
small,3,bds,0,26,85,484,Win
small,3,bds,1,21,71,489,Win
small,3,bds,2,16,62,494,Win
small,3,bds,3,13,45,497,Win
small,3,bds,4,5,15,505,Win
small,3,bds,5,12,39,498,Win
small,3,bds,6,21,54,489,Win
small,3,bds,7,8,19,502,Win
small,3,bds,8,27,89,483,Win
small,3,bds,9,17,85,493,Win
small,3,hbds,0,26,125,484,Win
small,3,hbds,1,21,52,489,Win
small,3,hbds,2,22,42,488,Win
small,3,hbds,3,13,19,497,Win
small,3,hbds,4,5,8,505,Win
small,3,hbds,5,12,29,498,Win
small,3,hbds,6,21,97,489,Win
small,3,hbds,7,8,9,502,Win
small,3,hbds,8,33,101,477,Win
small,3,hbds,9,17,89,493,Win
small,4,dfs,0,14,42,496,Win
small,4,dfs,1,6,6,504,Win
small,4,dfs,2,49,59,461,Win
small,4,dfs,3,32,54,478,Win
small,4,dfs,4,40,70,470,Win
small,4,dfs,5,18,25,492,Win
small,4,dfs,6,1,1,509,Win
small,4,dfs,7,23,31,487,Win
small,4,dfs,8,34,55,476,Win
small,4,dfs,9,9,15,501,Win
small,4,bfs,0,12,43,498,Win
small,4,bfs,1,4,9,506,Win
small,4,bfs,2,31,95,479,Win
small,4,bfs,3,22,74,488,Win
small,4,bfs,4,30,98,480,Win
small,4,bfs,5,14,69,496,Win
small,4,bfs,6,1,1,509,Win
small,4,bfs,7,17,86,493,Win
small,4,bfs,8,24,84,486,Win
small,4,bfs,9,1,1,509,Win
small,4,ucs,0,12,43,498,Win
small,4,ucs,1,4,9,506,Win
small,4,ucs,2,31,95,479,Win
small,4,ucs,3,22,74,488,Win
small,4,ucs,4,30,98,480,Win
small,4,ucs,5,14,69,496,Win
small,4,ucs,6,1,1,509,Win
small,4,ucs,7,17,86,493,Win
small,4,ucs,8,24,84,486,Win
small,4,ucs,9,1,1,509,Win
small,4,astar,0,12,22,498,Win
small,4,astar,1,4,4,506,Win
small,4,astar,2,31,79,479,Win
small,4,astar,3,22,50,488,Win
small,4,astar,4,30,85,480,Win
small,4,astar,5,14,28,496,Win
small,4,astar,6,1,1,509,Win
small,4,astar,7,17,40,493,Win
small,4,astar,8,24,74,486,Win
small,4,astar,9,1,1,509,Win
small,4,bds,0,12,56,498,Win
small,4,bds,1,4,6,506,Win
small,4,bds,2,31,87,479,Win
small,4,bds,3,22,86,488,Win
small,4,bds,4,30,90,480,Win
small,4,bds,5,14,47,496,Win
small,4,bds,6,1,1,509,Win
small,4,bds,7,17,63,493,Win
small,4,bds,8,24,87,486,Win
small,4,bds,9,1,1,509,Win
small,4,hbds,0,12,31,498,Win
small,4,hbds,1,4,4,506,Win
small,4,hbds,2,31,185,479,Win
small,4,hbds,3,28,89,482,Win
small,4,hbds,4,30,165,480,Win
small,4,hbds,5,14,18,496,Win
small,4,hbds,6,1,1,509,Win
small,4,hbds,7,19,40,491,Win
small,4,hbds,8,24,161,486,Win
small,4,hbds,9,1,1,509,Win
small,5,dfs,0,10,10,500,Win
small,5,dfs,1,3,112,507,Win
small,5,dfs,2,14,97,496,Win
small,5,dfs,3,34,70,476,Win
small,5,dfs,4,35,83,475,Win
small,5,dfs,5,29,104,481,Win
small,5,dfs,6,19,72,491,Win
small,5,dfs,7,16,84,494,Win
small,5,dfs,8,15,110,495,Win
small,5,dfs,9,12,16,498,Win
small,5,bfs,0,8,17,502,Win
small,5,bfs,1,3,9,507,Win
small,5,bfs,2,6,36,504,Win
small,5,bfs,3,16,88,494,Win
small,5,bfs,4,21,95,489,Win
small,5,bfs,5,17,95,493,Win
small,5,bfs,6,13,63,497,Win
small,5,bfs,7,4,12,506,Win
small,5,bfs,8,1,2,509,Win
small,5,bfs,9,8,43,502,Win
small,5,ucs,0,8,17,502,Win
small,5,ucs,1,3,9,507,Win
small,5,ucs,2,6,36,504,Win
small,5,ucs,3,16,88,494,Win
small,5,ucs,4,21,95,489,Win
small,5,ucs,5,17,95,493,Win
small,5,ucs,6,13,63,497,Win
small,5,ucs,7,4,12,506,Win
small,5,ucs,8,1,2,509,Win
small,5,ucs,9,8,43,502,Win
small,5,astar,0,8,10,502,Win
small,5,astar,1,3,3,507,Win
small,5,astar,2,6,8,504,Win
small,5,astar,3,16,42,494,Win
small,5,astar,4,21,52,489,Win
small,5,astar,5,17,44,493,Win
small,5,astar,6,13,31,497,Win
small,5,astar,7,4,4,506,Win
small,5,astar,8,1,1,509,Win
small,5,astar,9,8,14,502,Win
small,5,bds,0,8,18,502,Win
small,5,bds,1,3,5,507,Win
small,5,bds,2,6,20,504,Win
small,5,bds,3,16,61,494,Win
small,5,bds,4,21,63,489,Win
small,5,bds,5,17,63,493,Win
small,5,bds,6,13,52,497,Win
small,5,bds,7,4,9,506,Win
small,5,bds,8,1,1,509,Win
small,5,bds,9,8,28,502,Win
small,5,hbds,0,8,12,502,Win
small,5,hbds,1,3,3,507,Win
small,5,hbds,2,6,8,504,Win
small,5,hbds,3,16,43,494,Win
small,5,hbds,4,21,71,489,Win
small,5,hbds,5,17,37,493,Win
small,5,hbds,6,13,27,497,Win
small,5,hbds,7,4,4,506,Win
small,5,hbds,8,1,1,509,Win
small,5,hbds,9,8,12,502,Win
small,6,dfs,0,17,39,493,Win
small,6,dfs,1,4,4,506,Win
small,6,dfs,2,7,114,503,Win
small,6,dfs,3,35,37,475,Win
small,6,dfs,4,21,55,489,Win
small,6,dfs,5,17,112,493,Win
small,6,dfs,6,23,37,487,Win
small,6,dfs,7,24,89,486,Win
small,6,dfs,8,23,35,487,Win
small,6,dfs,9,43,57,467,Win
small,6,bfs,0,15,83,495,Win
small,6,bfs,1,4,19,506,Win
small,6,bfs,2,5,24,505,Win
small,6,bfs,3,21,86,489,Win
small,6,bfs,4,15,73,495,Win
small,6,bfs,5,7,37,503,Win
small,6,bfs,6,11,33,499,Win
small,6,bfs,7,12,80,498,Win
small,6,bfs,8,11,58,499,Win
small,6,bfs,9,19,73,491,Win
small,6,ucs,0,15,83,495,Win
small,6,ucs,1,4,19,506,Win
small,6,ucs,2,5,24,505,Win
small,6,ucs,3,21,86,489,Win
small,6,ucs,4,15,73,495,Win
small,6,ucs,5,7,37,503,Win
small,6,ucs,6,11,33,499,Win
small,6,ucs,7,12,80,498,Win
small,6,ucs,8,11,58,499,Win
small,6,ucs,9,19,73,491,Win
small,6,astar,0,15,22,495,Win
small,6,astar,1,4,5,506,Win
small,6,astar,2,5,10,505,Win
small,6,astar,3,21,44,489,Win
small,6,astar,4,15,24,495,Win
small,6,astar,5,7,15,503,Win
small,6,astar,6,11,22,499,Win
small,6,astar,7,12,25,498,Win
small,6,astar,8,11,17,499,Win
small,6,astar,9,19,38,491,Win
small,6,bds,0,15,34,495,Win
small,6,bds,1,4,9,506,Win
small,6,bds,2,5,10,505,Win
small,6,bds,3,21,66,489,Win
small,6,bds,4,15,63,495,Win
small,6,bds,5,7,16,503,Win
small,6,bds,6,11,33,499,Win
small,6,bds,7,12,47,498,Win
small,6,bds,8,11,55,499,Win
small,6,bds,9,19,67,491,Win
small,6,hbds,0,15,23,495,Win
small,6,hbds,1,4,4,506,Win
small,6,hbds,2,5,9,505,Win
small,6,hbds,3,21,73,489,Win
small,6,hbds,4,15,25,495,Win
small,6,hbds,5,7,11,503,Win
small,6,hbds,6,15,22,495,Win
small,6,hbds,7,12,38,498,Win
small,6,hbds,8,11,28,499,Win
small,6,hbds,9,19,54,491,Win
small,7,dfs,0,18,102,492,Win
small,7,dfs,1,27,105,483,Win
small,7,dfs,2,29,43,481,Win
small,7,dfs,3,39,49,471,Win
small,7,dfs,4,6,6,504,Win
small,7,dfs,5,38,47,472,Win
small,7,dfs,6,51,82,459,Win
small,7,dfs,7,8,8,502,Win
small,7,dfs,8,60,66,450,Win
small,7,dfs,9,18,19,492,Win
small,7,bfs,0,8,45,502,Win
small,7,bfs,1,13,43,497,Win
small,7,bfs,2,17,82,493,Win
small,7,bfs,3,9,36,501,Win
small,7,bfs,4,6,28,504,Win
small,7,bfs,5,6,30,504,Win
small,7,bfs,6,9,13,501,Win
small,7,bfs,7,8,24,502,Win
small,7,bfs,8,10,21,500,Win
small,7,bfs,9,10,78,500,Win
small,7,ucs,0,8,45,502,Win
small,7,ucs,1,13,43,497,Win
small,7,ucs,2,17,82,493,Win
small,7,ucs,3,9,36,501,Win
small,7,ucs,4,6,28,504,Win
small,7,ucs,5,6,30,504,Win
small,7,ucs,6,9,13,501,Win
small,7,ucs,7,8,24,502,Win
small,7,ucs,8,10,21,500,Win
small,7,ucs,9,10,78,500,Win
small,7,astar,0,8,16,502,Win
small,7,astar,1,13,20,497,Win
small,7,astar,2,17,29,493,Win
small,7,astar,3,9,20,501,Win
small,7,astar,4,6,6,504,Win
small,7,astar,5,6,7,504,Win
small,7,astar,6,9,10,501,Win
small,7,astar,7,8,10,502,Win
small,7,astar,8,10,13,500,Win
small,7,astar,9,10,23,500,Win
small,7,bds,0,8,27,502,Win
small,7,bds,1,13,38,497,Win
small,7,bds,2,17,61,493,Win
small,7,bds,3,9,24,501,Win
small,7,bds,4,6,17,504,Win
small,7,bds,5,6,18,504,Win
small,7,bds,6,9,14,501,Win
small,7,bds,7,8,18,502,Win
small,7,bds,8,10,15,500,Win
small,7,bds,9,10,29,500,Win
small,7,hbds,0,8,15,502,Win
small,7,hbds,1,13,18,497,Win
small,7,hbds,2,17,24,493,Win
small,7,hbds,3,9,11,501,Win
small,7,hbds,4,6,10,504,Win
small,7,hbds,5,6,12,504,Win
small,7,hbds,6,9,11,501,Win
small,7,hbds,7,8,16,502,Win
small,7,hbds,8,10,12,500,Win
small,7,hbds,9,16,27,494,Win
small,8,dfs,0,23,110,487,Win
small,8,dfs,1,11,20,499,Win
small,8,dfs,2,29,37,481,Win
small,8,dfs,3,18,45,492,Win
small,8,dfs,4,15,16,495,Win
small,8,dfs,5,11,19,499,Win
small,8,dfs,6,12,120,498,Win
small,8,dfs,7,36,51,474,Win
small,8,dfs,8,39,48,471,Win
small,8,dfs,9,16,89,494,Win
small,8,bfs,0,11,53,499,Win
small,8,bfs,1,5,25,505,Win
small,8,bfs,2,17,94,493,Win
small,8,bfs,3,18,73,492,Win
small,8,bfs,4,9,60,501,Win
small,8,bfs,5,11,43,499,Win
small,8,bfs,6,12,50,498,Win
small,8,bfs,7,18,81,492,Win
small,8,bfs,8,25,89,485,Win
small,8,bfs,9,10,42,500,Win
small,8,ucs,0,11,53,499,Win
small,8,ucs,1,5,25,505,Win
small,8,ucs,2,17,94,493,Win
small,8,ucs,3,18,73,492,Win
small,8,ucs,4,9,60,501,Win
small,8,ucs,5,11,43,499,Win
small,8,ucs,6,12,50,498,Win
small,8,ucs,7,18,81,492,Win
small,8,ucs,8,25,89,485,Win
small,8,ucs,9,10,42,500,Win
small,8,astar,0,11,25,499,Win
small,8,astar,1,5,8,505,Win
small,8,astar,2,17,35,493,Win
small,8,astar,3,18,41,492,Win
small,8,astar,4,9,10,501,Win
small,8,astar,5,11,24,499,Win
small,8,astar,6,12,35,498,Win
small,8,astar,7,18,29,492,Win
small,8,astar,8,25,55,485,Win
small,8,astar,9,10,20,500,Win
small,8,bds,0,11,37,499,Win
small,8,bds,1,5,14,505,Win
small,8,bds,2,17,58,493,Win
small,8,bds,3,18,86,492,Win
small,8,bds,4,9,30,501,Win
small,8,bds,5,11,43,499,Win
small,8,bds,6,12,26,498,Win
small,8,bds,7,18,72,492,Win
small,8,bds,8,25,82,485,Win
small,8,bds,9,10,32,500,Win
small,8,hbds,0,11,18,499,Win
small,8,hbds,1,5,7,505,Win
small,8,hbds,2,17,59,493,Win
small,8,hbds,3,18,43,492,Win
small,8,hbds,4,9,14,501,Win
small,8,hbds,5,11,53,499,Win
small,8,hbds,6,12,21,498,Win
small,8,hbds,7,18,79,492,Win
small,8,hbds,8,25,93,485,Win
small,8,hbds,9,10,22,500,Win
small,9,dfs,0,26,33,484,Win
small,9,dfs,1,24,81,486,Win
small,9,dfs,2,25,34,485,Win
small,9,dfs,3,5,22,505,Win
small,9,dfs,4,9,87,501,Win
small,9,dfs,5,4,100,506,Win
small,9,dfs,6,13,36,497,Win
small,9,dfs,7,36,67,474,Win
small,9,dfs,8,17,74,493,Win
small,9,dfs,9,14,34,496,Win
small,9,bfs,0,22,39,488,Win
small,9,bfs,1,18,96,492,Win
small,9,bfs,2,19,68,491,Win
small,9,bfs,3,3,7,507,Win
small,9,bfs,4,3,11,507,Win
small,9,bfs,5,2,5,508,Win
small,9,bfs,6,13,72,497,Win
small,9,bfs,7,26,64,484,Win
small,9,bfs,8,11,59,499,Win
small,9,bfs,9,14,72,496,Win
small,9,ucs,0,22,39,488,Win
small,9,ucs,1,18,96,492,Win
small,9,ucs,2,19,68,491,Win
small,9,ucs,3,3,7,507,Win
small,9,ucs,4,3,11,507,Win
small,9,ucs,5,2,5,508,Win
small,9,ucs,6,13,72,497,Win
small,9,ucs,7,26,64,484,Win
small,9,ucs,8,11,59,499,Win
small,9,ucs,9,14,72,496,Win
small,9,astar,0,22,32,488,Win
small,9,astar,1,18,63,492,Win
small,9,astar,2,19,32,491,Win
small,9,astar,3,3,4,507,Win
small,9,astar,4,3,3,507,Win
small,9,astar,5,2,2,508,Win
small,9,astar,6,13,26,497,Win
small,9,astar,7,26,42,484,Win
small,9,astar,8,11,21,499,Win
small,9,astar,9,14,28,496,Win
small,9,bds,0,22,48,488,Win
small,9,bds,1,18,39,492,Win
small,9,bds,2,19,41,491,Win
small,9,bds,3,3,3,507,Win
small,9,bds,4,3,5,507,Win
small,9,bds,5,2,2,508,Win
small,9,bds,6,13,30,497,Win
small,9,bds,7,26,56,484,Win
small,9,bds,8,11,34,499,Win
small,9,bds,9,14,34,496,Win
small,9,hbds,0,22,88,488,Win
small,9,hbds,1,18,52,492,Win
small,9,hbds,2,19,33,491,Win
small,9,hbds,3,3,6,507,Win
small,9,hbds,4,3,3,507,Win
small,9,hbds,5,2,2,508,Win
small,9,hbds,6,13,21,497,Win
small,9,hbds,7,26,98,484,Win
small,9,hbds,8,11,21,499,Win
small,9,hbds,9,14,26,496,Win
medium,0,dfs,0,27,29,483,Win
medium,0,dfs,1,20,72,490,Win
medium,0,dfs,2,31,82,479,Win
medium,0,dfs,3,42,166,468,Win
medium,0,dfs,4,3,4,507,Win
medium,0,dfs,5,36,118,474,Win
medium,0,dfs,6,16,20,494,Win
medium,0,dfs,7,9,13,501,Win
medium,0,dfs,8,15,57,495,Win
medium,0,dfs,9,25,231,485,Win
medium,0,bfs,0,21,169,489,Win
medium,0,bfs,1,20,143,490,Win
medium,0,bfs,2,13,116,497,Win
medium,0,bfs,3,22,141,488,Win
medium,0,bfs,4,1,1,509,Win
medium,0,bfs,5,24,163,486,Win
medium,0,bfs,6,6,21,504,Win
medium,0,bfs,7,5,16,505,Win
medium,0,bfs,8,13,57,497,Win
medium,0,bfs,9,13,72,497,Win
medium,0,ucs,0,21,169,489,Win
medium,0,ucs,1,20,143,490,Win
medium,0,ucs,2,13,116,497,Win
medium,0,ucs,3,22,141,488,Win
medium,0,ucs,4,1,1,509,Win
medium,0,ucs,5,24,163,486,Win
medium,0,ucs,6,6,21,504,Win
medium,0,ucs,7,5,16,505,Win
medium,0,ucs,8,13,57,497,Win
medium,0,ucs,9,13,72,497,Win
medium,0,astar,0,21,65,489,Win
medium,0,astar,1,20,33,490,Win
medium,0,astar,2,13,28,497,Win
medium,0,astar,3,22,70,488,Win
medium,0,astar,4,1,1,509,Win
medium,0,astar,5,24,82,486,Win
medium,0,astar,6,6,9,504,Win
medium,0,astar,7,5,6,505,Win
medium,0,astar,8,13,31,497,Win
medium,0,astar,9,13,18,497,Win
medium,0,bds,0,21,116,489,Win
medium,0,bds,1,20,99,490,Win
medium,0,bds,2,13,57,497,Win
medium,0,bds,3,22,119,488,Win
medium,0,bds,4,1,1,509,Win
medium,0,bds,5,24,115,486,Win
medium,0,bds,6,6,16,504,Win
medium,0,bds,7,5,9,505,Win
medium,0,bds,8,13,34,497,Win
medium,0,bds,9,13,33,497,Win
medium,0,hbds,0,21,38,489,Win
medium,0,hbds,1,22,44,488,Win
medium,0,hbds,2,13,23,497,Win
medium,0,hbds,3,22,65,488,Win
medium,0,hbds,4,1,1,509,Win
medium,0,hbds,5,28,145,482,Win
medium,0,hbds,6,6,7,504,Win
medium,0,hbds,7,5,11,505,Win
medium,0,hbds,8,13,25,497,Win
medium,0,hbds,9,13,19,497,Win
medium,1,dfs,0,32,216,478,Win
medium,1,dfs,1,44,216,466,Win
medium,1,dfs,2,45,138,465,Win
medium,1,dfs,3,5,237,505,Win
medium,1,dfs,4,39,199,471,Win
medium,1,dfs,5,20,22,490,Win
medium,1,dfs,6,45,201,465,Win
medium,1,dfs,7,41,44,469,Win
medium,1,dfs,8,23,240,487,Win
medium,1,dfs,9,73,130,437,Win
medium,1,bfs,0,14,82,496,Win
medium,1,bfs,1,20,116,490,Win
medium,1,bfs,2,21,121,489,Win
medium,1,bfs,3,1,1,509,Win
medium,1,bfs,4,9,42,501,Win
medium,1,bfs,5,6,23,504,Win
medium,1,bfs,6,21,127,489,Win
medium,1,bfs,7,23,123,487,Win
medium,1,bfs,8,11,68,499,Win
medium,1,bfs,9,43,197,467,Win
medium,1,ucs,0,14,82,496,Win
medium,1,ucs,1,20,116,490,Win
medium,1,ucs,2,21,121,489,Win
medium,1,ucs,3,1,1,509,Win
medium,1,ucs,4,9,42,501,Win
medium,1,ucs,5,6,23,504,Win
medium,1,ucs,6,21,127,489,Win
medium,1,ucs,7,23,123,487,Win
medium,1,ucs,8,11,68,499,Win
medium,1,ucs,9,43,197,467,Win
medium,1,astar,0,14,32,496,Win
medium,1,astar,1,20,43,490,Win
medium,1,astar,2,21,61,489,Win
medium,1,astar,3,1,1,509,Win
medium,1,astar,4,9,13,501,Win
medium,1,astar,5,6,8,504,Win
medium,1,astar,6,21,71,489,Win
medium,1,astar,7,23,54,487,Win
medium,1,astar,8,11,16,499,Win
medium,1,astar,9,43,141,467,Win
medium,1,bds,0,14,56,496,Win
medium,1,bds,1,20,99,490,Win
medium,1,bds,2,21,156,489,Win
medium,1,bds,3,1,1,509,Win
medium,1,bds,4,9,34,501,Win
medium,1,bds,5,6,18,504,Win
medium,1,bds,6,21,150,489,Win
medium,1,bds,7,23,98,487,Win
medium,1,bds,8,11,37,499,Win
medium,1,bds,9,43,180,467,Win
medium,1,hbds,0,14,27,496,Win
medium,1,hbds,1,20,53,490,Win
medium,1,hbds,2,21,77,489,Win
medium,1,hbds,3,1,1,509,Win
medium,1,hbds,4,9,19,501,Win
medium,1,hbds,5,6,12,504,Win
medium,1,hbds,6,21,101,489,Win
medium,1,hbds,7,23,55,487,Win
medium,1,hbds,8,15,22,495,Win
medium,1,hbds,9,43,121,467,Win
medium,2,dfs,0,23,25,487,Win
medium,2,dfs,1,11,47,499,Win
medium,2,dfs,2,54,67,456,Win
medium,2,dfs,3,38,157,472,Win
medium,2,dfs,4,20,77,490,Win
medium,2,dfs,5,49,162,461,Win
medium,2,dfs,6,20,202,490,Win
medium,2,dfs,7,46,64,464,Win
medium,2,dfs,8,17,72,493,Win
medium,2,dfs,9,22,152,488,Win
medium,2,bfs,0,5,30,505,Win
medium,2,bfs,1,7,32,503,Win
medium,2,bfs,2,22,138,488,Win
medium,2,bfs,3,34,192,476,Win
medium,2,bfs,4,12,114,498,Win
medium,2,bfs,5,29,185,481,Win
medium,2,bfs,6,6,32,504,Win
medium,2,bfs,7,10,48,500,Win
medium,2,bfs,8,7,29,503,Win
medium,2,bfs,9,22,134,488,Win
medium,2,ucs,0,5,30,505,Win
medium,2,ucs,1,7,32,503,Win
medium,2,ucs,2,22,138,488,Win
medium,2,ucs,3,34,192,476,Win
medium,2,ucs,4,12,114,498,Win
medium,2,ucs,5,29,185,481,Win
medium,2,ucs,6,6,32,504,Win
medium,2,ucs,7,10,48,500,Win
medium,2,ucs,8,7,29,503,Win
medium,2,ucs,9,22,134,488,Win
medium,2,astar,0,5,9,505,Win
medium,2,astar,1,7,11,503,Win
medium,2,astar,2,22,53,488,Win
medium,2,astar,3,34,109,476,Win
medium,2,astar,4,12,15,498,Win
medium,2,astar,5,29,110,481,Win
medium,2,astar,6,6,7,504,Win
medium,2,astar,7,10,18,500,Win
medium,2,astar,8,7,11,503,Win
medium,2,astar,9,22,55,488,Win
medium,2,bds,0,5,16,505,Win
medium,2,bds,1,7,11,503,Win
medium,2,bds,2,22,114,488,Win
medium,2,bds,3,34,126,476,Win
medium,2,bds,4,12,64,498,Win
medium,2,bds,5,29,115,481,Win
medium,2,bds,6,6,9,504,Win
medium,2,bds,7,10,24,500,Win
medium,2,bds,8,7,22,503,Win
medium,2,bds,9,22,118,488,Win
medium,2,hbds,0,7,13,503,Win
medium,2,hbds,1,7,9,503,Win
medium,2,hbds,2,22,149,488,Win
medium,2,hbds,3,34,115,476,Win
medium,2,hbds,4,12,20,498,Win
medium,2,hbds,5,29,61,481,Win
medium,2,hbds,6,6,10,504,Win
medium,2,hbds,7,10,27,500,Win
medium,2,hbds,8,7,12,503,Win
medium,2,hbds,9,22,111,488,Win
medium,3,dfs,0,43,220,467,Win
medium,3,dfs,1,2,2,508,Win
medium,3,dfs,2,19,89,491,Win
medium,3,dfs,3,83,125,427,Win
medium,3,dfs,4,8,15,502,Win
medium,3,dfs,5,44,132,466,Win
medium,3,dfs,6,36,51,474,Win
medium,3,dfs,7,17,181,493,Win
medium,3,dfs,8,26,234,484,Win
medium,3,dfs,9,44,145,466,Win
medium,3,bfs,0,17,65,493,Win
medium,3,bfs,1,2,6,508,Win
medium,3,bfs,2,17,93,493,Win
medium,3,bfs,3,23,156,487,Win
medium,3,bfs,4,2,5,508,Win
medium,3,bfs,5,22,175,488,Win
medium,3,bfs,6,10,102,500,Win
medium,3,bfs,7,13,129,497,Win
medium,3,bfs,8,4,22,506,Win
medium,3,bfs,9,14,92,496,Win
medium,3,ucs,0,17,65,493,Win
medium,3,ucs,1,2,6,508,Win
medium,3,ucs,2,17,93,493,Win
medium,3,ucs,3,23,156,487,Win
medium,3,ucs,4,2,5,508,Win
medium,3,ucs,5,22,175,488,Win
medium,3,ucs,6,10,102,500,Win
medium,3,ucs,7,13,129,497,Win
medium,3,ucs,8,4,22,506,Win
medium,3,ucs,9,14,92,496,Win
medium,3,astar,0,17,23,493,Win
medium,3,astar,1,2,2,508,Win
medium,3,astar,2,17,44,493,Win
medium,3,astar,3,23,89,487,Win
medium,3,astar,4,2,3,508,Win
medium,3,astar,5,22,87,488,Win
medium,3,astar,6,10,21,500,Win
medium,3,astar,7,13,33,497,Win
medium,3,astar,8,4,6,506,Win
medium,3,astar,9,14,42,496,Win
medium,3,bds,0,17,51,493,Win
medium,3,bds,1,2,4,508,Win
medium,3,bds,2,17,96,493,Win
medium,3,bds,3,23,155,487,Win
medium,3,bds,4,2,2,508,Win
medium,3,bds,5,22,80,488,Win
medium,3,bds,6,10,32,500,Win
medium,3,bds,7,13,60,497,Win
medium,3,bds,8,4,9,506,Win
medium,3,bds,9,14,73,496,Win
medium,3,hbds,0,17,23,493,Win
medium,3,hbds,1,2,2,508,Win
medium,3,hbds,2,19,69,491,Win
medium,3,hbds,3,23,117,487,Win
medium,3,hbds,4,2,2,508,Win
medium,3,hbds,5,24,53,486,Win
medium,3,hbds,6,10,24,500,Win
medium,3,hbds,7,13,48,497,Win
medium,3,hbds,8,4,8,506,Win
medium,3,hbds,9,18,62,492,Win
medium,4,dfs,0,5,244,505,Win
medium,4,dfs,1,53,142,457,Win
medium,4,dfs,2,35,47,475,Win
medium,4,dfs,3,3,3,507,Win
medium,4,dfs,4,35,70,475,Win
medium,4,dfs,5,43,184,467,Win
medium,4,dfs,6,62,180,448,Win
medium,4,dfs,7,5,5,505,Win
medium,4,dfs,8,45,107,465,Win
medium,4,dfs,9,64,165,446,Win
medium,4,bfs,0,5,20,505,Win
medium,4,bfs,1,25,198,485,Win
medium,4,bfs,2,17,82,493,Win
medium,4,bfs,3,3,8,507,Win
medium,4,bfs,4,5,12,505,Win
medium,4,bfs,5,19,149,491,Win
medium,4,bfs,6,24,125,486,Win
medium,4,bfs,7,5,29,505,Win
medium,4,bfs,8,17,168,493,Win
medium,4,bfs,9,30,135,480,Win
medium,4,ucs,0,5,20,505,Win
medium,4,ucs,1,25,198,485,Win
medium,4,ucs,2,17,82,493,Win
medium,4,ucs,3,3,8,507,Win
medium,4,ucs,4,5,12,505,Win
medium,4,ucs,5,19,149,491,Win
medium,4,ucs,6,24,125,486,Win
medium,4,ucs,7,5,29,505,Win
medium,4,ucs,8,17,168,493,Win
medium,4,ucs,9,30,135,480,Win
medium,4,astar,0,5,8,505,Win
medium,4,astar,1,25,104,485,Win
medium,4,astar,2,17,32,493,Win
medium,4,astar,3,3,3,507,Win
medium,4,astar,4,5,8,505,Win
medium,4,astar,5,19,69,491,Win
medium,4,astar,6,24,62,486,Win
medium,4,astar,7,5,5,505,Win
medium,4,astar,8,17,29,493,Win
medium,4,astar,9,30,65,480,Win
medium,4,bds,0,5,10,505,Win
medium,4,bds,1,25,110,485,Win
medium,4,bds,2,17,77,493,Win
medium,4,bds,3,3,5,507,Win
medium,4,bds,4,5,8,505,Win
medium,4,bds,5,19,113,491,Win
medium,4,bds,6,24,113,486,Win
medium,4,bds,7,5,19,505,Win
medium,4,bds,8,17,74,493,Win
medium,4,bds,9,30,129,480,Win
medium,4,hbds,0,5,9,505,Win
medium,4,hbds,1,25,67,485,Win
medium,4,hbds,2,17,30,493,Win
medium,4,hbds,3,3,4,507,Win
medium,4,hbds,4,5,6,505,Win
medium,4,hbds,5,19,67,491,Win
medium,4,hbds,6,24,50,486,Win
medium,4,hbds,7,5,8,505,Win
medium,4,hbds,8,17,30,493,Win
medium,4,hbds,9,30,176,480,Win
medium,5,dfs,0,48,91,462,Win
medium,5,dfs,1,26,223,484,Win
medium,5,dfs,2,29,211,481,Win
medium,5,dfs,3,11,88,499,Win
medium,5,dfs,4,30,71,480,Win
medium,5,dfs,5,19,50,491,Win
medium,5,dfs,6,29,56,481,Win
medium,5,dfs,7,48,117,462,Win
medium,5,dfs,8,53,128,457,Win
medium,5,dfs,9,23,97,487,Win
medium,5,bfs,0,26,129,484,Win
medium,5,bfs,1,16,105,494,Win
medium,5,bfs,2,27,136,483,Win
medium,5,bfs,3,11,83,499,Win
medium,5,bfs,4,24,170,486,Win
medium,5,bfs,5,11,70,499,Win
medium,5,bfs,6,21,93,489,Win
medium,5,bfs,7,20,115,490,Win
medium,5,bfs,8,19,138,491,Win
medium,5,bfs,9,13,88,497,Win
medium,5,ucs,0,26,129,484,Win
medium,5,ucs,1,16,105,494,Win
medium,5,ucs,2,27,136,483,Win
medium,5,ucs,3,11,83,499,Win
medium,5,ucs,4,24,170,486,Win
medium,5,ucs,5,11,70,499,Win
medium,5,ucs,6,21,93,489,Win
medium,5,ucs,7,20,115,490,Win
medium,5,ucs,8,19,138,491,Win
medium,5,ucs,9,13,88,497,Win
medium,5,astar,0,26,80,484,Win
medium,5,astar,1,16,27,494,Win
medium,5,astar,2,27,71,483,Win
medium,5,astar,3,11,23,499,Win
medium,5,astar,4,24,54,486,Win
medium,5,astar,5,11,20,499,Win
medium,5,astar,6,21,47,489,Win
medium,5,astar,7,20,59,490,Win
medium,5,astar,8,19,50,491,Win
medium,5,astar,9,13,21,497,Win
medium,5,bds,0,26,113,484,Win
medium,5,bds,1,16,53,494,Win
medium,5,bds,2,27,96,483,Win
medium,5,bds,3,11,49,499,Win
medium,5,bds,4,24,115,486,Win
medium,5,bds,5,11,40,499,Win
medium,5,bds,6,21,99,489,Win
medium,5,bds,7,20,97,490,Win
medium,5,bds,8,19,95,491,Win
medium,5,bds,9,13,70,497,Win
medium,5,hbds,0,28,93,482,Win
medium,5,hbds,1,16,25,494,Win
medium,5,hbds,2,27,107,483,Win
medium,5,hbds,3,11,37,499,Win
medium,5,hbds,4,24,84,486,Win
medium,5,hbds,5,11,32,499,Win
medium,5,hbds,6,21,51,489,Win
medium,5,hbds,7,24,61,486,Win
medium,5,hbds,8,21,47,489,Win
medium,5,hbds,9,13,23,497,Win
medium,6,dfs,0,59,219,451,Win
medium,6,dfs,1,30,114,480,Win
medium,6,dfs,2,59,96,451,Win
medium,6,dfs,3,69,112,441,Win
medium,6,dfs,4,31,33,479,Win
medium,6,dfs,5,78,141,432,Win
medium,6,dfs,6,39,216,471,Win
medium,6,dfs,7,18,23,492,Win
medium,6,dfs,8,61,210,449,Win
medium,6,dfs,9,32,156,478,Win
medium,6,bfs,0,19,135,491,Win
medium,6,bfs,1,4,11,506,Win
medium,6,bfs,2,27,191,483,Win
medium,6,bfs,3,31,195,479,Win
medium,6,bfs,4,11,101,499,Win
medium,6,bfs,5,36,198,474,Win
medium,6,bfs,6,17,112,493,Win
medium,6,bfs,7,14,93,496,Win
medium,6,bfs,8,29,190,481,Win
medium,6,bfs,9,8,45,502,Win
medium,6,ucs,0,19,135,491,Win
medium,6,ucs,1,4,11,506,Win
medium,6,ucs,2,27,191,483,Win
medium,6,ucs,3,31,195,479,Win
medium,6,ucs,4,11,101,499,Win
medium,6,ucs,5,36,198,474,Win
medium,6,ucs,6,17,112,493,Win
medium,6,ucs,7,14,93,496,Win
medium,6,ucs,8,29,190,481,Win
medium,6,ucs,9,8,45,502,Win
medium,6,astar,0,19,43,491,Win
medium,6,astar,1,4,5,506,Win
medium,6,astar,2,27,94,483,Win
medium,6,astar,3,31,135,479,Win
medium,6,astar,4,11,18,499,Win
medium,6,astar,5,36,105,474,Win
medium,6,astar,6,17,52,493,Win
medium,6,astar,7,14,30,496,Win
medium,6,astar,8,29,90,481,Win
medium,6,astar,9,8,11,502,Win
medium,6,bds,0,19,78,491,Win
medium,6,bds,1,4,8,506,Win
medium,6,bds,2,27,120,483,Win
medium,6,bds,3,31,119,479,Win
medium,6,bds,4,11,39,499,Win
medium,6,bds,5,36,108,474,Win
medium,6,bds,6,17,59,493,Win
medium,6,bds,7,14,50,496,Win
medium,6,bds,8,29,106,481,Win
medium,6,bds,9,8,28,502,Win
medium,6,hbds,0,19,31,491,Win
medium,6,hbds,1,4,6,506,Win
medium,6,hbds,2,29,73,481,Win
medium,6,hbds,3,35,77,475,Win
medium,6,hbds,4,11,16,499,Win
medium,6,hbds,5,36,133,474,Win
medium,6,hbds,6,17,31,493,Win
medium,6,hbds,7,14,33,496,Win
medium,6,hbds,8,33,83,477,Win
medium,6,hbds,9,8,13,502,Win
medium,7,dfs,0,13,14,497,Win
medium,7,dfs,1,29,45,481,Win
medium,7,dfs,2,72,123,438,Win
medium,7,dfs,3,60,84,450,Win
medium,7,dfs,4,52,82,458,Win
medium,7,dfs,5,2,12,508,Win
medium,7,dfs,6,74,111,436,Win
medium,7,dfs,7,43,100,467,Win
medium,7,dfs,8,74,141,436,Win
medium,7,dfs,9,58,118,452,Win
medium,7,bfs,0,11,76,499,Win
medium,7,bfs,1,19,100,491,Win
medium,7,bfs,2,12,81,498,Win
medium,7,bfs,3,36,167,474,Win
medium,7,bfs,4,30,186,480,Win
medium,7,bfs,5,2,5,508,Win
medium,7,bfs,6,20,92,490,Win
medium,7,bfs,7,31,176,479,Win
medium,7,bfs,8,6,36,504,Win
medium,7,bfs,9,22,147,488,Win
medium,7,ucs,0,11,76,499,Win
medium,7,ucs,1,19,100,491,Win
medium,7,ucs,2,12,81,498,Win
medium,7,ucs,3,36,167,474,Win
medium,7,ucs,4,30,186,480,Win
medium,7,ucs,5,2,5,508,Win
medium,7,ucs,6,20,92,490,Win
medium,7,ucs,7,31,176,479,Win
medium,7,ucs,8,6,36,504,Win
medium,7,ucs,9,22,147,488,Win
medium,7,astar,0,11,36,499,Win
medium,7,astar,1,19,39,491,Win
medium,7,astar,2,12,27,498,Win
medium,7,astar,3,36,106,474,Win
medium,7,astar,4,30,88,480,Win
medium,7,astar,5,2,2,508,Win
medium,7,astar,6,20,35,490,Win
medium,7,astar,7,31,142,479,Win
medium,7,astar,8,6,8,504,Win
medium,7,astar,9,22,98,488,Win
medium,7,bds,0,11,27,499,Win
medium,7,bds,1,19,89,491,Win
medium,7,bds,2,12,48,498,Win
medium,7,bds,3,36,163,474,Win
medium,7,bds,4,30,160,480,Win
medium,7,bds,5,2,4,508,Win
medium,7,bds,6,20,88,490,Win
medium,7,bds,7,31,143,479,Win
medium,7,bds,8,6,19,504,Win
medium,7,bds,9,22,109,488,Win
medium,7,hbds,0,13,19,497,Win
medium,7,hbds,1,19,51,491,Win
medium,7,hbds,2,12,25,498,Win
medium,7,hbds,3,38,111,472,Win
medium,7,hbds,4,36,345,474,Win
medium,7,hbds,5,2,2,508,Win
medium,7,hbds,6,20,51,490,Win
medium,7,hbds,7,31,109,479,Win
medium,7,hbds,8,6,18,504,Win
medium,7,hbds,9,22,103,488,Win
medium,8,dfs,0,65,176,445,Win
medium,8,dfs,1,46,179,464,Win
medium,8,dfs,2,37,107,473,Win
medium,8,dfs,3,13,155,497,Win
medium,8,dfs,4,42,55,468,Win
medium,8,dfs,5,26,47,484,Win
medium,8,dfs,6,39,52,471,Win
medium,8,dfs,7,84,112,426,Win
medium,8,dfs,8,53,161,457,Win
medium,8,dfs,9,56,112,454,Win
medium,8,bfs,0,23,120,487,Win
medium,8,bfs,1,18,115,492,Win
medium,8,bfs,2,29,195,481,Win
medium,8,bfs,3,7,27,503,Win
medium,8,bfs,4,28,156,482,Win
medium,8,bfs,5,16,97,494,Win
medium,8,bfs,6,25,158,485,Win
medium,8,bfs,7,26,108,484,Win
medium,8,bfs,8,17,136,493,Win
medium,8,bfs,9,18,116,492,Win
medium,8,ucs,0,23,120,487,Win
medium,8,ucs,1,18,115,492,Win
medium,8,ucs,2,29,195,481,Win
medium,8,ucs,3,7,27,503,Win
medium,8,ucs,4,28,156,482,Win
medium,8,ucs,5,16,97,494,Win
medium,8,ucs,6,25,158,485,Win
medium,8,ucs,7,26,108,484,Win
medium,8,ucs,8,17,136,493,Win
medium,8,ucs,9,18,116,492,Win
medium,8,astar,0,23,54,487,Win
medium,8,astar,1,18,49,492,Win
medium,8,astar,2,29,79,481,Win
medium,8,astar,3,7,8,503,Win
medium,8,astar,4,28,93,482,Win
medium,8,astar,5,16,42,494,Win
medium,8,astar,6,25,89,485,Win
medium,8,astar,7,26,72,484,Win
medium,8,astar,8,17,44,493,Win
medium,8,astar,9,18,46,492,Win
medium,8,bds,0,23,116,487,Win
medium,8,bds,1,18,103,492,Win
medium,8,bds,2,29,137,481,Win
medium,8,bds,3,7,21,503,Win
medium,8,bds,4,28,154,482,Win
medium,8,bds,5,16,79,494,Win
medium,8,bds,6,25,143,485,Win
medium,8,bds,7,26,92,484,Win
medium,8,bds,8,17,77,493,Win
medium,8,bds,9,18,71,492,Win
medium,8,hbds,0,25,173,485,Win
medium,8,hbds,1,18,55,492,Win
medium,8,hbds,2,29,127,481,Win
medium,8,hbds,3,7,10,503,Win
medium,8,hbds,4,28,95,482,Win
medium,8,hbds,5,16,37,494,Win
medium,8,hbds,6,25,113,485,Win
medium,8,hbds,7,26,93,484,Win
medium,8,hbds,8,17,53,493,Win
medium,8,hbds,9,18,29,492,Win
medium,9,dfs,0,40,43,470,Win
medium,9,dfs,1,51,130,459,Win
medium,9,dfs,2,36,164,474,Win
medium,9,dfs,3,40,83,470,Win
medium,9,dfs,4,16,186,494,Win
medium,9,dfs,5,32,35,478,Win
medium,9,dfs,6,18,182,492,Win
medium,9,dfs,7,18,221,492,Win
medium,9,dfs,8,21,44,489,Win
medium,9,dfs,9,19,109,491,Win
medium,9,bfs,0,18,115,492,Win
medium,9,bfs,1,25,199,485,Win
medium,9,bfs,2,18,179,492,Win
medium,9,bfs,3,32,198,478,Win
medium,9,bfs,4,14,145,496,Win
medium,9,bfs,5,12,73,498,Win
medium,9,bfs,6,10,40,500,Win
medium,9,bfs,7,14,91,496,Win
medium,9,bfs,8,11,51,499,Win
medium,9,bfs,9,11,71,499,Win
medium,9,ucs,0,18,115,492,Win
medium,9,ucs,1,25,199,485,Win
medium,9,ucs,2,18,179,492,Win
medium,9,ucs,3,32,198,478,Win
medium,9,ucs,4,14,145,496,Win
medium,9,ucs,5,12,73,498,Win
medium,9,ucs,6,10,40,500,Win
medium,9,ucs,7,14,91,496,Win
medium,9,ucs,8,11,51,499,Win
medium,9,ucs,9,11,71,499,Win
medium,9,astar,0,18,62,492,Win
medium,9,astar,1,25,100,485,Win
medium,9,astar,2,18,38,492,Win
medium,9,astar,3,32,88,478,Win
medium,9,astar,4,14,24,496,Win
medium,9,astar,5,12,24,498,Win
medium,9,astar,6,10,22,500,Win
medium,9,astar,7,14,33,496,Win
medium,9,astar,8,11,16,499,Win
medium,9,astar,9,11,16,499,Win
medium,9,bds,0,18,97,492,Win
medium,9,bds,1,25,114,485,Win
medium,9,bds,2,18,104,492,Win
medium,9,bds,3,32,144,478,Win
medium,9,bds,4,14,51,496,Win
medium,9,bds,5,12,73,498,Win
medium,9,bds,6,10,34,500,Win
medium,9,bds,7,14,61,496,Win
medium,9,bds,8,11,33,499,Win
medium,9,bds,9,11,49,499,Win
medium,9,hbds,0,20,70,490,Win
medium,9,hbds,1,31,43,479,Win
medium,9,hbds,2,20,32,490,Win
medium,9,hbds,3,38,63,472,Win
medium,9,hbds,4,14,17,496,Win
medium,9,hbds,5,12,39,498,Win
medium,9,hbds,6,10,53,500,Win
medium,9,hbds,7,14,53,496,Win
medium,9,hbds,8,17,51,493,Win
medium,9,hbds,9,11,26,499,Win
big,0,dfs,0,172,311,338,Win
big,0,dfs,1,114,382,396,Win
big,0,dfs,2,104,148,406,Win
big,0,dfs,3,147,249,363,Win
big,0,dfs,4,188,266,322,Win
big,0,dfs,5,95,400,415,Win
big,0,dfs,6,31,33,479,Win
big,0,dfs,7,6,6,504,Win
big,0,dfs,8,92,111,418,Win
big,0,dfs,9,193,256,317,Win
big,0,bfs,0,4,19,506,Win
big,0,bfs,1,6,39,504,Win
big,0,bfs,2,18,186,492,Win
big,0,bfs,3,27,300,483,Win
big,0,bfs,4,10,124,500,Win
big,0,bfs,5,17,148,493,Win
big,0,bfs,6,13,205,497,Win
big,0,bfs,7,6,6,504,Win
big,0,bfs,8,12,118,498,Win
big,0,bfs,9,29,318,481,Win
big,0,ucs,0,4,19,506,Win
big,0,ucs,1,6,39,504,Win
big,0,ucs,2,18,186,492,Win
big,0,ucs,3,27,300,483,Win
big,0,ucs,4,10,124,500,Win
big,0,ucs,5,17,148,493,Win
big,0,ucs,6,13,205,497,Win
big,0,ucs,7,6,6,504,Win
big,0,ucs,8,12,118,498,Win
big,0,ucs,9,29,318,481,Win
big,0,astar,0,4,6,506,Win
big,0,astar,1,6,10,504,Win
big,0,astar,2,18,26,492,Win
big,0,astar,3,27,90,483,Win
big,0,astar,4,10,27,500,Win
big,0,astar,5,17,38,493,Win
big,0,astar,6,13,52,497,Win
big,0,astar,7,6,6,504,Win
big,0,astar,8,12,27,498,Win
big,0,astar,9,29,120,481,Win
big,0,bds,0,4,9,506,Win
big,0,bds,1,6,17,504,Win
big,0,bds,2,18,142,492,Win
big,0,bds,3,27,259,483,Win
big,0,bds,4,10,59,500,Win
big,0,bds,5,17,86,493,Win
big,0,bds,6,13,67,497,Win
big,0,bds,7,6,7,504,Win
big,0,bds,8,12,85,498,Win
big,0,bds,9,29,267,481,Win
big,0,hbds,0,4,5,506,Win
big,0,hbds,1,8,15,502,Win
big,0,hbds,2,18,32,492,Win
big,0,hbds,3,29,57,481,Win
big,0,hbds,4,10,46,500,Win
big,0,hbds,5,17,29,493,Win
big,0,hbds,6,13,33,497,Win
big,0,hbds,7,6,6,504,Win
big,0,hbds,8,12,68,498,Win
big,0,hbds,9,31,71,479,Win
big,1,dfs,0,120,333,390,Win
big,1,dfs,1,162,232,348,Win
big,1,dfs,2,109,176,401,Win
big,1,dfs,3,42,68,468,Win
big,1,dfs,4,57,66,453,Win
big,1,dfs,5,162,383,348,Win
big,1,dfs,6,113,241,397,Win
big,1,dfs,7,181,244,329,Win
big,1,dfs,8,49,247,461,Win
big,1,dfs,9,143,193,367,Win
big,1,bfs,0,8,54,502,Win
big,1,bfs,1,14,189,496,Win
big,1,bfs,2,25,286,485,Win
big,1,bfs,3,10,45,500,Win
big,1,bfs,4,13,180,497,Win
big,1,bfs,5,10,63,500,Win
big,1,bfs,6,21,275,489,Win
big,1,bfs,7,13,127,497,Win
big,1,bfs,8,21,217,489,Win
big,1,bfs,9,41,372,469,Win
big,1,ucs,0,8,54,502,Win
big,1,ucs,1,14,189,496,Win
big,1,ucs,2,25,286,485,Win
big,1,ucs,3,10,45,500,Win
big,1,ucs,4,13,180,497,Win
big,1,ucs,5,10,63,500,Win
big,1,ucs,6,21,275,489,Win
big,1,ucs,7,13,127,497,Win
big,1,ucs,8,21,217,489,Win
big,1,ucs,9,41,372,469,Win
big,1,astar,0,8,9,502,Win
big,1,astar,1,14,24,496,Win
big,1,astar,2,25,99,485,Win
big,1,astar,3,10,17,500,Win
big,1,astar,4,13,28,497,Win
big,1,astar,5,10,21,500,Win
big,1,astar,6,21,79,489,Win
big,1,astar,7,13,24,497,Win
big,1,astar,8,21,101,489,Win
big,1,astar,9,41,289,469,Win
big,1,bds,0,8,28,502,Win
big,1,bds,1,14,81,496,Win
big,1,bds,2,25,232,485,Win
big,1,bds,3,10,32,500,Win
big,1,bds,4,13,81,497,Win
big,1,bds,5,10,34,500,Win
big,1,bds,6,21,211,489,Win
big,1,bds,7,13,88,497,Win
big,1,bds,8,21,168,489,Win
big,1,bds,9,41,292,469,Win
big,1,hbds,0,8,9,502,Win
big,1,hbds,1,16,24,494,Win
big,1,hbds,2,25,309,485,Win
big,1,hbds,3,10,38,500,Win
big,1,hbds,4,13,57,497,Win
big,1,hbds,5,10,38,500,Win
big,1,hbds,6,21,257,489,Win
big,1,hbds,7,13,50,497,Win
big,1,hbds,8,21,710,489,Win
big,1,hbds,9,41,79,469,Win
big,2,dfs,0,118,382,392,Win
big,2,dfs,1,129,397,381,Win
big,2,dfs,2,65,111,445,Win
big,2,dfs,3,152,232,358,Win
big,2,dfs,4,61,89,449,Win
big,2,dfs,5,60,282,450,Win
big,2,dfs,6,57,283,453,Win
big,2,dfs,7,43,46,467,Win
big,2,dfs,8,30,43,480,Win
big,2,dfs,9,67,86,443,Win
big,2,bfs,0,14,182,496,Win
big,2,bfs,1,23,311,487,Win
big,2,bfs,2,5,32,505,Win
big,2,bfs,3,16,172,494,Win
big,2,bfs,4,27,256,483,Win
big,2,bfs,5,6,43,504,Win
big,2,bfs,6,1,3,509,Win
big,2,bfs,7,15,163,495,Win
big,2,bfs,8,14,117,496,Win
big,2,bfs,9,11,110,499,Win
big,2,ucs,0,14,182,496,Win
big,2,ucs,1,23,311,487,Win
big,2,ucs,2,5,32,505,Win
big,2,ucs,3,16,172,494,Win
big,2,ucs,4,27,256,483,Win
big,2,ucs,5,6,43,504,Win
big,2,ucs,6,1,3,509,Win
big,2,ucs,7,15,163,495,Win
big,2,ucs,8,14,117,496,Win
big,2,ucs,9,11,110,499,Win
big,2,astar,0,14,23,496,Win
big,2,astar,1,23,57,487,Win
big,2,astar,2,5,10,505,Win
big,2,astar,3,16,43,494,Win
big,2,astar,4,27,88,483,Win
big,2,astar,5,6,10,504,Win
big,2,astar,6,1,1,509,Win
big,2,astar,7,15,34,495,Win
big,2,astar,8,14,27,496,Win
big,2,astar,9,11,26,499,Win
big,2,bds,0,14,112,496,Win
big,2,bds,1,23,171,487,Win
big,2,bds,2,5,11,505,Win
big,2,bds,3,16,101,494,Win
big,2,bds,4,27,173,483,Win
big,2,bds,5,6,22,504,Win
big,2,bds,6,1,1,509,Win
big,2,bds,7,15,92,495,Win
big,2,bds,8,14,64,496,Win
big,2,bds,9,11,62,499,Win
big,2,hbds,0,14,64,496,Win
big,2,hbds,1,23,183,487,Win
big,2,hbds,2,5,13,505,Win
big,2,hbds,3,20,121,490,Win
big,2,hbds,4,31,51,479,Win
big,2,hbds,5,6,9,504,Win
big,2,hbds,6,1,1,509,Win
big,2,hbds,7,15,138,495,Win
big,2,hbds,8,14,31,496,Win
big,2,hbds,9,11,15,499,Win
big,3,dfs,0,98,195,412,Win
big,3,dfs,1,161,286,349,Win
big,3,dfs,2,37,41,473,Win
big,3,dfs,3,120,291,390,Win
big,3,dfs,4,16,63,494,Win
big,3,dfs,5,48,94,462,Win
big,3,dfs,6,2,2,508,Win
big,3,dfs,7,57,332,453,Win
big,3,dfs,8,136,241,374,Win
big,3,dfs,9,165,277,345,Win
big,3,bfs,0,40,373,470,Win
big,3,bfs,1,23,262,487,Win
big,3,bfs,2,3,13,507,Win
big,3,bfs,3,20,150,490,Win
big,3,bfs,4,12,125,498,Win
big,3,bfs,5,12,136,498,Win
big,3,bfs,6,2,4,508,Win
big,3,bfs,7,11,58,499,Win
big,3,bfs,8,16,293,494,Win
big,3,bfs,9,29,355,481,Win
big,3,ucs,0,40,373,470,Win
big,3,ucs,1,23,262,487,Win
big,3,ucs,2,3,13,507,Win
big,3,ucs,3,20,150,490,Win
big,3,ucs,4,12,125,498,Win
big,3,ucs,5,12,136,498,Win
big,3,ucs,6,2,4,508,Win
big,3,ucs,7,11,58,499,Win
big,3,ucs,8,16,293,494,Win
big,3,ucs,9,29,355,481,Win
big,3,astar,0,40,317,470,Win
big,3,astar,1,23,85,487,Win
big,3,astar,2,3,4,507,Win
big,3,astar,3,20,54,490,Win
big,3,astar,4,12,36,498,Win
big,3,astar,5,12,22,498,Win
big,3,astar,6,2,3,508,Win
big,3,astar,7,11,27,499,Win
big,3,astar,8,16,37,494,Win
big,3,astar,9,29,148,481,Win
big,3,bds,0,40,245,470,Win
big,3,bds,1,23,170,487,Win
big,3,bds,2,3,4,507,Win
big,3,bds,3,20,106,490,Win
big,3,bds,4,12,66,498,Win
big,3,bds,5,12,94,498,Win
big,3,bds,6,2,2,508,Win
big,3,bds,7,11,44,499,Win
big,3,bds,8,16,107,494,Win
big,3,bds,9,29,188,481,Win
big,3,hbds,0,42,108,468,Win
big,3,hbds,1,23,49,487,Win
big,3,hbds,2,3,6,507,Win
big,3,hbds,3,28,65,482,Win
big,3,hbds,4,12,74,498,Win
big,3,hbds,5,12,72,498,Win
big,3,hbds,6,2,2,508,Win
big,3,hbds,7,11,46,499,Win
big,3,hbds,8,16,23,494,Win
big,3,hbds,9,31,53,479,Win
big,4,dfs,0,56,60,454,Win
big,4,dfs,1,112,352,398,Win
big,4,dfs,2,170,327,340,Win
big,4,dfs,3,14,14,496,Win
big,4,dfs,4,45,68,465,Win
big,4,dfs,5,14,519,496,Win
big,4,dfs,6,167,333,343,Win
big,4,dfs,7,93,128,417,Win
big,4,dfs,8,160,243,350,Win
big,4,dfs,9,44,128,466,Win
big,4,bfs,0,28,277,482,Win
big,4,bfs,1,10,94,500,Win
big,4,bfs,2,28,343,482,Win
big,4,bfs,3,8,50,502,Win
big,4,bfs,4,3,9,507,Win
big,4,bfs,5,12,99,498,Win
big,4,bfs,6,23,279,487,Win
big,4,bfs,7,27,328,483,Win
big,4,bfs,8,24,293,486,Win
big,4,bfs,9,26,253,484,Win
big,4,ucs,0,28,277,482,Win
big,4,ucs,1,10,94,500,Win
big,4,ucs,2,28,343,482,Win
big,4,ucs,3,8,50,502,Win
big,4,ucs,4,3,9,507,Win
big,4,ucs,5,12,99,498,Win
big,4,ucs,6,23,279,487,Win
big,4,ucs,7,27,328,483,Win
big,4,ucs,8,24,293,486,Win
big,4,ucs,9,26,253,484,Win
big,4,astar,0,28,99,482,Win
big,4,astar,1,10,17,500,Win
big,4,astar,2,28,177,482,Win
big,4,astar,3,8,15,502,Win
big,4,astar,4,3,5,507,Win
big,4,astar,5,12,33,498,Win
big,4,astar,6,23,48,487,Win
big,4,astar,7,27,68,483,Win
big,4,astar,8,24,105,486,Win
big,4,astar,9,26,99,484,Win
big,4,bds,0,28,153,482,Win
big,4,bds,1,10,43,500,Win
big,4,bds,2,28,209,482,Win
big,4,bds,3,8,26,502,Win
big,4,bds,4,3,3,507,Win
big,4,bds,5,12,51,498,Win
big,4,bds,6,23,174,487,Win
big,4,bds,7,27,197,483,Win
big,4,bds,8,24,184,486,Win
big,4,bds,9,26,187,484,Win
big,4,hbds,0,30,53,480,Win
big,4,hbds,1,10,17,500,Win
big,4,hbds,2,32,417,478,Win
big,4,hbds,3,8,14,502,Win
big,4,hbds,4,3,6,507,Win
big,4,hbds,5,12,54,498,Win
big,4,hbds,6,27,136,483,Win
big,4,hbds,7,39,97,471,Win
big,4,hbds,8,24,171,486,Win
big,4,hbds,9,28,165,482,Win
big,5,dfs,0,152,347,358,Win
big,5,dfs,1,57,152,453,Win
big,5,dfs,2,129,281,381,Win
big,5,dfs,3,57,186,453,Win
big,5,dfs,4,85,378,425,Win
big,5,dfs,5,111,147,399,Win
big,5,dfs,6,120,261,390,Win
big,5,dfs,7,56,385,454,Win
big,5,dfs,8,120,206,390,Win
big,5,dfs,9,2,2,508,Win
big,5,bfs,0,22,192,488,Win
big,5,bfs,1,37,367,473,Win
big,5,bfs,2,29,281,481,Win
big,5,bfs,3,19,255,491,Win
big,5,bfs,4,19,233,491,Win
big,5,bfs,5,15,135,495,Win
big,5,bfs,6,14,172,496,Win
big,5,bfs,7,8,44,502,Win
big,5,bfs,8,16,208,494,Win
big,5,bfs,9,2,6,508,Win
big,5,ucs,0,22,192,488,Win
big,5,ucs,1,37,367,473,Win
big,5,ucs,2,29,281,481,Win
big,5,ucs,3,19,255,491,Win
big,5,ucs,4,19,233,491,Win
big,5,ucs,5,15,135,495,Win
big,5,ucs,6,14,172,496,Win
big,5,ucs,7,8,44,502,Win
big,5,ucs,8,16,208,494,Win
big,5,ucs,9,2,6,508,Win
big,5,astar,0,22,95,488,Win
big,5,astar,1,37,203,473,Win
big,5,astar,2,29,80,481,Win
big,5,astar,3,19,47,491,Win
big,5,astar,4,19,66,491,Win
big,5,astar,5,15,30,495,Win
big,5,astar,6,14,24,496,Win
big,5,astar,7,8,9,502,Win
big,5,astar,8,16,76,494,Win
big,5,astar,9,2,2,508,Win
big,5,bds,0,22,126,488,Win
big,5,bds,1,37,286,473,Win
big,5,bds,2,29,240,481,Win
big,5,bds,3,19,152,491,Win
big,5,bds,4,19,116,491,Win
big,5,bds,5,15,92,495,Win
big,5,bds,6,14,109,496,Win
big,5,bds,7,8,33,502,Win
big,5,bds,8,16,87,494,Win
big,5,bds,9,2,3,508,Win
big,5,hbds,0,22,42,488,Win
big,5,hbds,1,49,115,461,Win
big,5,hbds,2,39,91,471,Win
big,5,hbds,3,33,197,477,Win
big,5,hbds,4,19,29,491,Win
big,5,hbds,5,15,43,495,Win
big,5,hbds,6,14,64,496,Win
big,5,hbds,7,8,9,502,Win
big,5,hbds,8,18,70,492,Win
big,5,hbds,9,2,2,508,Win
big,6,dfs,0,99,202,411,Win
big,6,dfs,1,98,191,412,Win
big,6,dfs,2,33,37,477,Win
big,6,dfs,3,58,443,452,Win
big,6,dfs,4,110,169,400,Win
big,6,dfs,5,46,54,464,Win
big,6,dfs,6,28,31,482,Win
big,6,dfs,7,138,202,372,Win
big,6,dfs,8,123,408,387,Win
big,6,dfs,9,98,367,412,Win
big,6,bfs,0,21,228,489,Win
big,6,bfs,1,38,352,472,Win
big,6,bfs,2,21,180,489,Win
big,6,bfs,3,14,193,496,Win
big,6,bfs,4,26,329,484,Win
big,6,bfs,5,26,337,484,Win
big,6,bfs,6,16,188,494,Win
big,6,bfs,7,18,260,492,Win
big,6,bfs,8,29,307,481,Win
big,6,bfs,9,24,248,486,Win
big,6,ucs,0,21,228,489,Win
big,6,ucs,1,38,352,472,Win
big,6,ucs,2,21,180,489,Win
big,6,ucs,3,14,193,496,Win
big,6,ucs,4,26,329,484,Win
big,6,ucs,5,26,337,484,Win
big,6,ucs,6,16,188,494,Win
big,6,ucs,7,18,260,492,Win
big,6,ucs,8,29,307,481,Win
big,6,ucs,9,24,248,486,Win
big,6,astar,0,21,118,489,Win
big,6,astar,1,38,212,472,Win
big,6,astar,2,21,95,489,Win
big,6,astar,3,14,30,496,Win
big,6,astar,4,26,64,484,Win
big,6,astar,5,26,104,484,Win
big,6,astar,6,16,36,494,Win
big,6,astar,7,18,49,492,Win
big,6,astar,8,29,111,481,Win
big,6,astar,9,24,85,486,Win
big,6,bds,0,21,176,489,Win
big,6,bds,1,38,300,472,Win
big,6,bds,2,21,142,489,Win
big,6,bds,3,14,46,496,Win
big,6,bds,4,26,234,484,Win
big,6,bds,5,26,269,484,Win
big,6,bds,6,16,91,494,Win
big,6,bds,7,18,120,492,Win
big,6,bds,8,29,277,481,Win
big,6,bds,9,24,216,486,Win
big,6,hbds,0,21,55,489,Win
big,6,hbds,1,44,89,466,Win
big,6,hbds,2,21,169,489,Win
big,6,hbds,3,14,19,496,Win
big,6,hbds,4,28,118,482,Win
big,6,hbds,5,30,79,480,Win
big,6,hbds,6,16,31,494,Win
big,6,hbds,7,20,115,490,Win
big,6,hbds,8,41,121,469,Win
big,6,hbds,9,32,99,478,Win
big,7,dfs,0,14,17,496,Win
big,7,dfs,1,28,499,482,Win
big,7,dfs,2,108,182,402,Win
big,7,dfs,3,68,377,442,Win
big,7,dfs,4,95,421,415,Win
big,7,dfs,5,127,257,383,Win
big,7,dfs,6,19,19,491,Win
big,7,dfs,7,132,329,378,Win
big,7,dfs,8,47,60,463,Win
big,7,dfs,9,140,342,370,Win
big,7,bfs,0,4,10,506,Win
big,7,bfs,1,26,263,484,Win
big,7,bfs,2,22,221,488,Win
big,7,bfs,3,6,29,504,Win
big,7,bfs,4,13,43,497,Win
big,7,bfs,5,11,123,499,Win
big,7,bfs,6,19,234,491,Win
big,7,bfs,7,32,329,478,Win
big,7,bfs,8,5,15,505,Win
big,7,bfs,9,10,103,500,Win
big,7,ucs,0,4,10,506,Win
big,7,ucs,1,26,263,484,Win
big,7,ucs,2,22,221,488,Win
big,7,ucs,3,6,29,504,Win
big,7,ucs,4,13,43,497,Win
big,7,ucs,5,11,123,499,Win
big,7,ucs,6,19,234,491,Win
big,7,ucs,7,32,329,478,Win
big,7,ucs,8,5,15,505,Win
big,7,ucs,9,10,103,500,Win
big,7,astar,0,4,5,506,Win
big,7,astar,1,26,82,484,Win
big,7,astar,2,22,72,488,Win
big,7,astar,3,6,9,504,Win
big,7,astar,4,13,30,497,Win
big,7,astar,5,11,29,499,Win
big,7,astar,6,19,49,491,Win
big,7,astar,7,32,110,478,Win
big,7,astar,8,5,7,505,Win
big,7,astar,9,10,19,500,Win
big,7,bds,0,4,8,506,Win
big,7,bds,1,26,156,484,Win
big,7,bds,2,22,199,488,Win
big,7,bds,3,6,13,504,Win
big,7,bds,4,13,52,497,Win
big,7,bds,5,11,59,499,Win
big,7,bds,6,19,98,491,Win
big,7,bds,7,32,276,478,Win
big,7,bds,8,5,8,505,Win
big,7,bds,9,10,42,500,Win
big,7,hbds,0,4,6,506,Win
big,7,hbds,1,28,60,482,Win
big,7,hbds,2,24,95,486,Win
big,7,hbds,3,6,14,504,Win
big,7,hbds,4,13,47,497,Win
big,7,hbds,5,13,19,497,Win
big,7,hbds,6,19,37,491,Win
big,7,hbds,7,32,115,478,Win
big,7,hbds,8,5,10,505,Win
big,7,hbds,9,10,32,500,Win
big,8,dfs,0,13,16,497,Win
big,8,dfs,1,69,100,441,Win
big,8,dfs,2,117,213,393,Win
big,8,dfs,3,28,28,482,Win
big,8,dfs,4,65,70,445,Win
big,8,dfs,5,96,114,414,Win
big,8,dfs,6,53,54,457,Win
big,8,dfs,7,116,412,394,Win
big,8,dfs,8,100,412,410,Win
big,8,dfs,9,129,418,381,Win
big,8,bfs,0,7,41,503,Win
big,8,bfs,1,13,185,497,Win
big,8,bfs,2,29,360,481,Win
big,8,bfs,3,8,47,502,Win
big,8,bfs,4,11,145,499,Win
big,8,bfs,5,30,283,480,Win
big,8,bfs,6,17,125,493,Win
big,8,bfs,7,16,185,494,Win
big,8,bfs,8,6,36,504,Win
big,8,bfs,9,19,197,491,Win
big,8,ucs,0,7,41,503,Win
big,8,ucs,1,13,185,497,Win
big,8,ucs,2,29,360,481,Win
big,8,ucs,3,8,47,502,Win
big,8,ucs,4,11,145,499,Win
big,8,ucs,5,30,283,480,Win
big,8,ucs,6,17,125,493,Win
big,8,ucs,7,16,185,494,Win
big,8,ucs,8,6,36,504,Win
big,8,ucs,9,19,197,491,Win
big,8,astar,0,7,15,503,Win
big,8,astar,1,13,37,497,Win
big,8,astar,2,29,99,481,Win
big,8,astar,3,8,16,502,Win
big,8,astar,4,11,28,499,Win
big,8,astar,5,30,139,480,Win
big,8,astar,6,17,43,493,Win
big,8,astar,7,16,31,494,Win
big,8,astar,8,6,10,504,Win
big,8,astar,9,19,52,491,Win
big,8,bds,0,7,17,503,Win
big,8,bds,1,13,90,497,Win
big,8,bds,2,29,256,481,Win
big,8,bds,3,8,40,502,Win
big,8,bds,4,11,63,499,Win
big,8,bds,5,30,204,480,Win
big,8,bds,6,17,94,493,Win
big,8,bds,7,16,78,494,Win
big,8,bds,8,6,20,504,Win
big,8,bds,9,19,108,491,Win
big,8,hbds,0,7,10,503,Win
big,8,hbds,1,13,66,497,Win
big,8,hbds,2,31,103,479,Win
big,8,hbds,3,8,14,502,Win
big,8,hbds,4,11,21,499,Win
big,8,hbds,5,30,97,480,Win
big,8,hbds,6,17,63,493,Win
big,8,hbds,7,16,25,494,Win
big,8,hbds,8,6,20,504,Win
big,8,hbds,9,21,79,489,Win
big,9,dfs,0,142,323,368,Win
big,9,dfs,1,76,428,434,Win
big,9,dfs,2,125,317,385,Win
big,9,dfs,3,27,32,483,Win
big,9,dfs,4,11,11,499,Win
big,9,dfs,5,154,182,356,Win
big,9,dfs,6,157,194,353,Win
big,9,dfs,7,104,239,406,Win
big,9,dfs,8,143,186,367,Win
big,9,dfs,9,84,145,426,Win
big,9,bfs,0,18,243,492,Win
big,9,bfs,1,14,155,496,Win
big,9,bfs,2,17,252,493,Win
big,9,bfs,3,9,27,501,Win
big,9,bfs,4,7,62,503,Win
big,9,bfs,5,18,170,492,Win
big,9,bfs,6,17,120,493,Win
big,9,bfs,7,24,164,486,Win
big,9,bfs,8,7,45,503,Win
big,9,bfs,9,16,144,494,Win
big,9,ucs,0,18,243,492,Win
big,9,ucs,1,14,155,496,Win
big,9,ucs,2,17,252,493,Win
big,9,ucs,3,9,27,501,Win
big,9,ucs,4,7,62,503,Win
big,9,ucs,5,18,170,492,Win
big,9,ucs,6,17,120,493,Win
big,9,ucs,7,24,164,486,Win
big,9,ucs,8,7,45,503,Win
big,9,ucs,9,16,144,494,Win
big,9,astar,0,18,34,492,Win
big,9,astar,1,14,31,496,Win
big,9,astar,2,17,64,493,Win
big,9,astar,3,9,20,501,Win
big,9,astar,4,7,15,503,Win
big,9,astar,5,18,81,492,Win
big,9,astar,6,17,31,493,Win
big,9,astar,7,24,60,486,Win
big,9,astar,8,7,10,503,Win
big,9,astar,9,16,38,494,Win
big,9,bds,0,18,132,492,Win
big,9,bds,1,14,75,496,Win
big,9,bds,2,17,87,493,Win
big,9,bds,3,9,25,501,Win
big,9,bds,4,7,23,503,Win
big,9,bds,5,18,126,492,Win
big,9,bds,6,17,83,493,Win
big,9,bds,7,24,132,486,Win
big,9,bds,8,7,13,503,Win
big,9,bds,9,16,108,494,Win
big,9,hbds,0,18,56,492,Win
big,9,hbds,1,14,47,496,Win
big,9,hbds,2,19,65,491,Win
big,9,hbds,3,9,27,501,Win
big,9,hbds,4,7,13,503,Win
big,9,hbds,5,18,81,492,Win
big,9,hbds,6,19,46,491,Win
big,9,hbds,7,28,89,482,Win
big,9,hbds,8,7,8,503,Win
big,9,hbds,9,16,54,494,Win
